Year,Month,DayofMonth,DayOfWeek,DepTime,CRSDepTime,ArrTime,CRSArrTime,UniqueCarrier,FlightNum,TailNum,ActualElapsedTime,CRSElapsedTime,AirTime,ArrDelay,DepDelay,Origin,Dest,Distance,TaxiIn,TaxiOut,Cancelled,CancellationCode,Diverted,CarrierDelay,WeatherDelay,NASDelay,SecurityDelay,LateAircraftDelay
1988,1,9,6,1348,1331,1458,1435,PI,942,NA,70,64,NA,23,17,SYR,BWI,273,NA,NA,0,NA,0,NA,NA,NA,NA,NA
1988,1,10,7,1334,1331,1443,1435,PI,942,NA,69,64,NA,8,3,SYR,BWI,273,NA,NA,0,NA,0,NA,NA,NA,NA,NA
1988,1,11,1,1446,1331,1553,1435,PI,942,NA,67,64,NA,78,75,SYR,BWI,273,NA,NA,0,NA,0,NA,NA,NA,NA,NA
1988,1,12,2,1334,1331,1438,1435,PI,942,NA,64,64,NA,3,3,SYR,BWI,273,NA,NA,0,NA,0,NA,NA,NA,NA,NA
1988,1,13,3,1341,1331,1503,1435,PI,942,NA,82,64,NA,28,10,SYR,BWI,273,NA,NA,0,NA,0,NA,NA,NA,NA,NA
1988,1,14,4,1332,1331,1447,1435,PI,942,NA,75,64,NA,12,1,SYR,BWI,273,NA,NA,0,NA,0,NA,NA,NA,NA,NA
1988,1,15,5,1331,1331,1434,1435,PI,942,NA,63,64,NA,-1,0,SYR,BWI,273,NA,NA,0,NA,0,NA,NA,NA,NA,NA
1988,1,16,6,1327,1331,1427,1435,PI,942,NA,60,64,NA,-8,-4,SYR,BWI,273,NA,NA,0,NA,0,NA,NA,NA,NA,NA
1988,1,17,7,1331,1331,1440,1435,PI,942,NA,69,64,NA,5,0,SYR,BWI,273,NA,NA,0,NA,0,NA,NA,NA,NA,NA
1988,1,18,1,1349,1331,1519,1435,PI,942,NA,90,64,NA,44,18,SYR,BWI,273,NA,NA,0,NA,0,NA,NA,NA,NA,NA
1988,1,19,2,1337,1331,1438,1435,PI,942,NA,61,64,NA,3,6,SYR,BWI,273,NA,NA,0,NA,0,NA,NA,NA,NA,NA
1988,1,20,3,1337,1331,1452,1435,PI,942,NA,75,64,NA,17,6,SYR,BWI,273,NA,NA,0,NA,0,NA,NA,NA,NA,NA
1988,1,21,4,1330,1331,1459,1435,PI,942,NA,89,64,NA,24,-1,SYR,BWI,273,NA,NA,0,NA,0,NA,NA,NA,NA,NA
1988,1,22,5,1331,1331,1434,1435,PI,942,NA,63,64,NA,-1,0,SYR,BWI,273,NA,NA,0,NA,0,NA,NA,NA,NA,NA
1988,1,23,6,1333,1331,1436,1435,PI,942,NA,63,64,NA,1,2,SYR,BWI,273,NA,NA,0,NA,0,NA,NA,NA,NA,NA
1988,1,24,7,1328,1331,1430,1435,PI,942,NA,62,64,NA,-5,-3,SYR,BWI,273,NA,NA,0,NA,0,NA,NA,NA,NA,NA
1988,1,25,1,1330,1331,1444,1435,PI,942,NA,74,64,NA,9,-1,SYR,BWI,273,NA,NA,0,NA,0,NA,NA,NA,NA,NA
1988,1,26,2,1407,1331,1518,1435,PI,942,NA,71,64,NA,43,36,SYR,BWI,273,NA,NA,0,NA,0,NA,NA,NA,NA,NA
1988,1,27,3,1332,1331,1445,1435,PI,942,NA,73,64,NA,10,1,SYR,BWI,273,NA,NA,0,NA,0,NA,NA,NA,NA,NA
1988,1,28,4,1331,1331,1438,1435,PI,942,NA,67,64,NA,3,0,SYR,BWI,273,NA,NA,0,NA,0,NA,NA,NA,NA,NA
1988,1,29,5,1339,1331,1442,1435,PI,942,NA,63,64,NA,7,8,SYR,BWI,273,NA,NA,0,NA,0,NA,NA,NA,NA,NA
1988,1,30,6,1332,1331,1435,1435,PI,942,NA,63,64,NA,0,1,SYR,BWI,273,NA,NA,0,NA,0,NA,NA,NA,NA,NA
1988,1,31,7,1329,1331,1434,1435,PI,942,NA,65,64,NA,-1,-2,SYR,BWI,273,NA,NA,0,NA,0,NA,NA,NA,NA,NA
1988,1,1,5,947,950,1050,1050,PI,943,NA,63,60,NA,0,-3,LGA,SYR,198,NA,NA,0,NA,0,NA,NA,NA,NA,NA
1988,1,3,7,957,950,1048,1050,PI,943,NA,51,60,NA,-2,7,LGA,SYR,198,NA,NA,0,NA,0,NA,NA,NA,NA,NA
1988,1,4,1,1107,950,1219,1050,PI,943,NA,72,60,NA,89,77,LGA,SYR,198,NA,NA,0,NA,0,NA,NA,NA,NA,NA
1988,1,6,3,950,950,1100,1050,PI,943,NA,70,60,NA,10,0,LGA,SYR,198,NA,NA,0,NA,0,NA,NA,NA,NA,NA
1988,1,7,4,956,950,1047,1050,PI,943,NA,51,60,NA,-3,6,LGA,SYR,198,NA,NA,0,NA,0,NA,NA,NA,NA,NA
1988,1,8,5,NA,950,NA,1050,PI,943,NA,NA,60,NA,NA,NA,LGA,SYR,198,NA,NA,1,NA,0,NA,NA,NA,NA,NA
1988,1,11,1,950,950,1042,1050,PI,943,NA,52,60,NA,-8,0,LGA,SYR,198,NA,NA,0,NA,0,NA,NA,NA,NA,NA
1988,1,12,2,949,950,1051,1050,PI,943,NA,62,60,NA,1,-1,LGA,SYR,198,NA,NA,0,NA,0,NA,NA,NA,NA,NA
1988,1,13,3,1023,950,1117,1050,PI,943,NA,54,60,NA,27,33,LGA,SYR,198,NA,NA,0,NA,0,NA,NA,NA,NA,NA
1988,1,14,4,1020,950,1128,1050,PI,943,NA,68,60,NA,38,30,LGA,SYR,198,NA,NA,0,NA,0,NA,NA,NA,NA,NA
1988,1,15,5,951,950,1043,1050,PI,943,NA,52,60,NA,-7,1,LGA,SYR,198,NA,NA,0,NA,0,NA,NA,NA,NA,NA
1988,1,16,6,950,950,1047,1050,PI,943,NA,57,60,NA,-3,0,LGA,SYR,198,NA,NA,0,NA,0,NA,NA,NA,NA,NA
1988,1,18,1,NA,950,NA,1050,PI,943,NA,NA,60,NA,NA,NA,LGA,SYR,198,NA,NA,1,NA,0,NA,NA,NA,NA,NA
1988,1,19,2,955,950,1100,1050,PI,943,NA,65,60,NA,10,5,LGA,SYR,198,NA,NA,0,NA,0,NA,NA,NA,NA,NA
1988,1,20,3,956,950,1056,1050,PI,943,NA,60,60,NA,6,6,LGA,SYR,198,NA,NA,0,NA,0,NA,NA,NA,NA,NA
1988,1,21,4,1002,950,1055,1050,PI,943,NA,53,60,NA,5,12,LGA,SYR,198,NA,NA,0,NA,0,NA,NA,NA,NA,NA
1988,1,22,5,953,950,1056,1050,PI,943,NA,63,60,NA,6,3,LGA,SYR,198,NA,NA,0,NA,0,NA,NA,NA,NA,NA
1988,1,23,6,950,950,1041,1050,PI,943,NA,51,60,NA,-9,0,LGA,SYR,198,NA,NA,0,NA,0,NA,NA,NA,NA,NA
1988,1,25,1,951,950,1049,1050,PI,943,NA,58,60,NA,-1,1,LGA,SYR,198,NA,NA,0,NA,0,NA,NA,NA,NA,NA
1988,1,26,2,1000,950,1053,1050,PI,943,NA,53,60,NA,3,10,LGA,SYR,198,NA,NA,0,NA,0,NA,NA,NA,NA,NA
1988,1,27,3,948,950,1049,1050,PI,943,NA,61,60,NA,-1,-2,LGA,SYR,198,NA,NA,0,NA,0,NA,NA,NA,NA,NA
1988,1,28,4,952,950,1041,1050,PI,943,NA,49,60,NA,-9,2,LGA,SYR,198,NA,NA,0,NA,0,NA,NA,NA,NA,NA
1988,1,29,5,948,950,1048,1050,PI,943,NA,60,60,NA,-2,-2,LGA,SYR,198,NA,NA,0,NA,0,NA,NA,NA,NA,NA
1988,1,30,6,950,950,1040,1050,PI,943,NA,50,60,NA,-10,0,LGA,SYR,198,NA,NA,0,NA,0,NA,NA,NA,NA,NA
1988,1,1,5,1104,1110,1143,1145,PI,943,NA,39,35,NA,-2,-6,SYR,BUF,134,NA,NA,0,NA,0,NA,NA,NA,NA,NA
1988,1,3,7,1112,1110,1150,1145,PI,943,NA,38,35,NA,5,2,SYR,BUF,134,NA,NA,0,NA,0,NA,NA,NA,NA,NA
1988,1,4,1,1249,1110,1328,1145,PI,943,NA,39,35,NA,103,99,SYR,BUF,134,NA,NA,0,NA,0,NA,NA,NA,NA,NA
1988,1,5,2,1108,1110,1154,1145,PI,943,NA,46,35,NA,9,-2,SYR,BUF,134,NA,NA,0,NA,0,NA,NA,NA,NA,NA
1988,1,6,3,1118,1110,1154,1145,PI,943,NA,36,35,NA,9,8,SYR,BUF,134,NA,NA,0,NA,0,NA,NA,NA,NA,NA
1988,1,7,4,1109,1110,1144,1145,PI,943,NA,35,35,NA,-1,-1,SYR,BUF,134,NA,NA,0,NA,0,NA,NA,NA,NA,NA
1988,1,8,5,1138,1110,1251,1145,PI,943,NA,73,35,NA,66,28,SYR,BUF,134,NA,NA,0,NA,0,NA,NA,NA,NA,NA
1988,1,11,1,1109,1110,1144,1145,PI,943,NA,35,35,NA,-1,-1,SYR,BUF,134,NA,NA,0,NA,0,NA,NA,NA,NA,NA
1988,1,12,2,1110,1110,1148,1145,PI,943,NA,38,35,NA,3,0,SYR,BUF,134,NA,NA,0,NA,0,NA,NA,NA,NA,NA
1988,1,13,3,1126,1110,1201,1145,PI,943,NA,35,35,NA,16,16,SYR,BUF,134,NA,NA,0,NA,0,NA,NA,NA,NA,NA
1988,1,14,4,1139,1110,1212,1145,PI,943,NA,33,35,NA,27,29,SYR,BUF,134,NA,NA,0,NA,0,NA,NA,NA,NA,NA
1988,1,15,5,1108,1110,1146,1145,PI,943,NA,38,35,NA,1,-2,SYR,BUF,134,NA,NA,0,NA,0,NA,NA,NA,NA,NA
1988,1,16,6,1110,1110,1146,1145,PI,943,NA,36,35,NA,1,0,SYR,BUF,134,NA,NA,0,NA,0,NA,NA,NA,NA,NA
1988,1,18,1,1124,1110,1213,1145,PI,943,NA,49,35,NA,28,14,SYR,BUF,134,NA,NA,0,NA,0,NA,NA,NA,NA,NA
1988,1,19,2,1110,1110,1152,1145,PI,943,NA,42,35,NA,7,0,SYR,BUF,134,NA,NA,0,NA,0,NA,NA,NA,NA,NA
1988,1,20,3,1113,1110,1146,1145,PI,943,NA,33,35,NA,1,3,SYR,BUF,134,NA,NA,0,NA,0,NA,NA,NA,NA,NA
1988,1,21,4,1109,1110,1146,1145,PI,943,NA,37,35,NA,1,-1,SYR,BUF,134,NA,NA,0,NA,0,NA,NA,NA,NA,NA
1988,1,22,5,1107,1110,1145,1145,PI,943,NA,38,35,NA,0,-3,SYR,BUF,134,NA,NA,0,NA,0,NA,NA,NA,NA,NA
1988,1,23,6,1110,1110,1142,1145,PI,943,NA,32,35,NA,-3,0,SYR,BUF,134,NA,NA,0,NA,0,NA,NA,NA,NA,NA
1988,1,25,1,1108,1110,1145,1145,PI,943,NA,37,35,NA,0,-2,SYR,BUF,134,NA,NA,0,NA,0,NA,NA,NA,NA,NA
1988,1,26,2,1341,1110,NA,1145,PI,943,NA,NA,35,NA,NA,151,SYR,BUF,134,NA,NA,0,NA,1,NA,NA,NA,NA,NA
1988,1,27,3,1109,1110,1148,1145,PI,943,NA,39,35,NA,3,-1,SYR,BUF,134,NA,NA,0,NA,0,NA,NA,NA,NA,NA
1988,1,28,4,1106,1110,1140,1145,PI,943,NA,34,35,NA,-5,-4,SYR,BUF,134,NA,NA,0,NA,0,NA,NA,NA,NA,NA
1988,1,29,5,1108,1110,1145,1145,PI,943,NA,37,35,NA,0,-2,SYR,BUF,134,NA,NA,0,NA,0,NA,NA,NA,NA,NA
1988,1,30,6,1110,1110,1147,1145,PI,943,NA,37,35,NA,2,0,SYR,BUF,134,NA,NA,0,NA,0,NA,NA,NA,NA,NA
1988,1,1,5,1457,1500,1553,1550,PI,944,NA,56,50,NA,3,-3,JFK,UCA,191,NA,NA,0,NA,0,NA,NA,NA,NA,NA
1988,1,2,6,1458,1500,1552,1550,PI,944,NA,54,50,NA,2,-2,JFK,UCA,191,NA,NA,0,NA,0,NA,NA,NA,NA,NA
1988,1,3,7,1459,1500,1549,1550,PI,944,NA,50,50,NA,-1,-1,JFK,UCA,191,NA,NA,0,NA,0,NA,NA,NA,NA,NA
1988,1,4,1,1556,1500,1727,1550,PI,944,NA,91,50,NA,97,56,JFK,UCA,191,NA,NA,0,NA,0,NA,NA,NA,NA,NA
1988,1,5,2,1500,1500,1605,1550,PI,944,NA,65,50,NA,15,0,JFK,UCA,191,NA,NA,0,NA,0,NA,NA,NA,NA,NA
1988,1,6,3,1500,1500,1553,1550,PI,944,NA,53,50,NA,3,0,JFK,UCA,191,NA,NA,0,NA,0,NA,NA,NA,NA,NA
1988,1,7,4,1500,1500,1602,1550,PI,944,NA,62,50,NA,12,0,JFK,UCA,191,NA,NA,0,NA,0,NA,NA,NA,NA,NA
1988,1,8,5,NA,1500,NA,1550,PI,944,NA,NA,50,NA,NA,NA,JFK,UCA,191,NA,NA,1,NA,0,NA,NA,NA,NA,NA
1988,1,10,7,1503,1500,1602,1550,PI,944,NA,59,50,NA,12,3,JFK,UCA,191,NA,NA,0,NA,0,NA,NA,NA,NA,NA
1988,1,11,1,1459,1500,1554,1550,PI,944,NA,55,50,NA,4,-1,JFK,UCA,191,NA,NA,0,NA,0,NA,NA,NA,NA,NA
1988,1,12,2,1515,1500,1617,1550,PI,944,NA,62,50,NA,27,15,JFK,UCA,191,NA,NA,0,NA,0,NA,NA,NA,NA,NA
1988,1,13,3,1501,1500,1553,1550,PI,944,NA,52,50,NA,3,1,JFK,UCA,191,NA,NA,0,NA,0,NA,NA,NA,NA,NA
1988,1,14,4,1501,1500,1559,1550,PI,944,NA,58,50,NA,9,1,JFK,UCA,191,NA,NA,0,NA,0,NA,NA,NA,NA,NA
1988,1,15,5,1500,1500,1554,1550,PI,944,NA,54,50,NA,4,0,JFK,UCA,191,NA,NA,0,NA,0,NA,NA,NA,NA,NA
1988,1,16,6,1500,1500,1600,1550,PI,944,NA,60,50,NA,10,0,JFK,UCA,191,NA,NA,0,NA,0,NA,NA,NA,NA,NA
1988,1,17,7,1500,1500,1549,1550,PI,944,NA,49,50,NA,-1,0,JFK,UCA,191,NA,NA,0,NA,0,NA,NA,NA,NA,NA
1988,1,18,1,1459,1500,1603,1550,PI,944,NA,64,50,NA,13,-1,JFK,UCA,191,NA,NA,0,NA,0,NA,NA,NA,NA,NA
1988,1,19,2,1500,1500,1553,1550,PI,944,NA,53,50,NA,3,0,JFK,UCA,191,NA,NA,0,NA,0,NA,NA,NA,NA,NA
1988,1,20,3,1457,1500,1552,1550,PI,944,NA,55,50,NA,2,-3,JFK,UCA,191,NA,NA,0,NA,0,NA,NA,NA,NA,NA
1988,1,21,4,1458,1500,1558,1550,PI,944,NA,60,50,NA,8,-2,JFK,UCA,191,NA,NA,0,NA,0,NA,NA,NA,NA,NA
1988,1,22,5,1501,1500,1550,1550,PI,944,NA,49,50,NA,0,1,JFK,UCA,191,NA,NA,0,NA,0,NA,NA,NA,NA,NA
1988,1,23,6,1459,1500,1554,1550,PI,944,NA,55,50,NA,4,-1,JFK,UCA,191,NA,NA,0,NA,0,NA,NA,NA,NA,NA
1988,1,24,7,1501,1500,1547,1550,PI,944,NA,46,50,NA,-3,1,JFK,UCA,191,NA,NA,0,NA,0,NA,NA,NA,NA,NA
1988,1,25,1,1501,1500,1552,1550,PI,944,NA,51,50,NA,2,1,JFK,UCA,191,NA,NA,0,NA,0,NA,NA,NA,NA,NA
1988,1,26,2,1524,1500,1612,1550,PI,944,NA,48,50,NA,22,24,JFK,UCA,191,NA,NA,0,NA,0,NA,NA,NA,NA,NA
1988,1,27,3,1457,1500,1559,1550,PI,944,NA,62,50,NA,9,-3,JFK,UCA,191,NA,NA,0,NA,0,NA,NA,NA,NA,NA
1988,1,28,4,1457,1500,1554,1550,PI,944,NA,57,50,NA,4,-3,JFK,UCA,191,NA,NA,0,NA,0,NA,NA,NA,NA,NA
1988,1,29,5,1457,1500,1602,1550,PI,944,NA,65,50,NA,12,-3,JFK,UCA,191,NA,NA,0,NA,0,NA,NA,NA,NA,NA
1988,1,30,6,1500,1500,1558,1550,PI,944,NA,58,50,NA,8,0,JFK,UCA,191,NA,NA,0,NA,0,NA,NA,NA,NA,NA
1988,1,31,7,1458,1500,1557,1550,PI,944,NA,59,50,NA,7,-2,JFK,UCA,191,NA,NA,0,NA,0,NA,NA,NA,NA,NA
1988,1,1,5,1702,1705,1802,1810,PI,944,NA,60,65,NA,-8,-3,SYR,BOS,264,NA,NA,0,NA,0,NA,NA,NA,NA,NA
1988,1,3,7,1730,1705,1838,1810,PI,944,NA,68,65,NA,28,25,SYR,BOS,264,NA,NA,0,NA,0,NA,NA,NA,NA,NA
1988,1,4,1,1832,1705,1933,1810,PI,944,NA,61,65,NA,83,87,SYR,BOS,264,NA,NA,0,NA,0,NA,NA,NA,NA,NA
1988,1,5,2,1745,1705,1841,1810,PI,944,NA,56,65,NA,31,40,SYR,BOS,264,NA,NA,0,NA,0,NA,NA,NA,NA,NA
1988,1,6,3,1719,1705,1828,1810,PI,944,NA,69,65,NA,18,14,SYR,BOS,264,NA,NA,0,NA,0,NA,NA,NA,NA,NA
1988,1,7,4,1722,1705,1820,1810,PI,944,NA,58,65,NA,10,17,SYR,BOS,264,NA,NA,0,NA,0,NA,NA,NA,NA,NA
1988,1,8,5,1947,1705,2110,1810,PI,944,NA,83,65,NA,180,162,SYR,BOS,264,NA,NA,0,NA,0,NA,NA,NA,NA,NA
1988,1,9,6,1728,1705,1819,1810,PI,944,NA,51,65,NA,9,23,SYR,BOS,264,NA,NA,0,NA,0,NA,NA,NA,NA,NA
1988,1,10,7,1720,1705,1824,1810,PI,944,NA,64,65,NA,14,15,SYR,BOS,264,NA,NA,0,NA,0,NA,NA,NA,NA,NA
1988,1,11,1,1719,1705,1819,1810,PI,944,NA,60,65,NA,9,14,SYR,BOS,264,NA,NA,0,NA,0,NA,NA,NA,NA,NA
1988,1,12,2,1711,1705,1826,1810,PI,944,NA,75,65,NA,16,6,SYR,BOS,264,NA,NA,0,NA,0,NA,NA,NA,NA,NA
1988,1,13,3,1709,1705,1822,1810,PI,944,NA,73,65,NA,12,4,SYR,BOS,264,NA,NA,0,NA,0,NA,NA,NA,NA,NA
1988,1,14,4,1710,1705,1816,1810,PI,944,NA,66,65,NA,6,5,SYR,BOS,264,NA,NA,0,NA,0,NA,NA,NA,NA,NA
1988,1,15,5,1721,1705,1828,1810,PI,944,NA,67,65,NA,18,16,SYR,BOS,264,NA,NA,0,NA,0,NA,NA,NA,NA,NA
1988,1,16,6,1705,1705,1815,1810,PI,944,NA,70,65,NA,5,0,SYR,BOS,264,NA,NA,0,NA,0,NA,NA,NA,NA,NA
1988,1,17,7,1706,1705,1802,1810,PI,944,NA,56,65,NA,-8,1,SYR,BOS,264,NA,NA,0,NA,0,NA,NA,NA,NA,NA
1988,1,18,1,1745,1705,1846,1810,PI,944,NA,61,65,NA,36,40,SYR,BOS,264,NA,NA,0,NA,0,NA,NA,NA,NA,NA
1988,1,19,2,1714,1705,1825,1810,PI,944,NA,71,65,NA,15,9,SYR,BOS,264,NA,NA,0,NA,0,NA,NA,NA,NA,NA
1988,1,20,3,1750,1705,1900,1810,PI,944,NA,70,65,NA,50,45,SYR,BOS,264,NA,NA,0,NA,0,NA,NA,NA,NA,NA
1988,1,21,4,1747,1705,1842,1810,PI,944,NA,55,65,NA,32,42,SYR,BOS,264,NA,NA,0,NA,0,NA,NA,NA,NA,NA
1988,1,22,5,1710,1705,1812,1810,PI,944,NA,62,65,NA,2,5,SYR,BOS,264,NA,NA,0,NA,0,NA,NA,NA,NA,NA
1988,1,23,6,1705,1705,1756,1810,PI,944,NA,51,65,NA,-14,0,SYR,BOS,264,NA,NA,0,NA,0,NA,NA,NA,NA,NA
1988,1,24,7,1705,1705,1803,1810,PI,944,NA,58,65,NA,-7,0,SYR,BOS,264,NA,NA,0,NA,0,NA,NA,NA,NA,NA
1988,1,25,1,1718,1705,1834,1810,PI,944,NA,76,65,NA,24,13,SYR,BOS,264,NA,NA,0,NA,0,NA,NA,NA,NA,NA
1988,1,26,2,1809,1705,1910,1810,PI,944,NA,61,65,NA,60,64,SYR,BOS,264,NA,NA,0,NA,0,NA,NA,NA,NA,NA
1988,1,27,3,1718,1705,1837,1810,PI,944,NA,79,65,NA,27,13,SYR,BOS,264,NA,NA,0,NA,0,NA,NA,NA,NA,NA
1988,1,28,4,1720,1705,1826,1810,PI,944,NA,66,65,NA,16,15,SYR,BOS,264,NA,NA,0,NA,0,NA,NA,NA,NA,NA
1988,1,29,5,1705,1705,1808,1810,PI,944,NA,63,65,NA,-2,0,SYR,BOS,264,NA,NA,0,NA,0,NA,NA,NA,NA,NA
1988,1,30,6,1705,1705,1755,1810,PI,944,NA,50,65,NA,-15,0,SYR,BOS,264,NA,NA,0,NA,0,NA,NA,NA,NA,NA
1988,1,31,7,1701,1705,1758,1810,PI,944,NA,57,65,NA,-12,-4,SYR,BOS,264,NA,NA,0,NA,0,NA,NA,NA,NA,NA
1988,1,1,5,1609,1610,1625,1630,PI,944,NA,16,20,NA,-5,-1,UCA,SYR,37,NA,NA,0,NA,0,NA,NA,NA,NA,NA
1988,1,2,6,1613,1610,1630,1630,PI,944,NA,17,20,NA,0,3,UCA,SYR,37,NA,NA,0,NA,0,NA,NA,NA,NA,NA
1988,1,3,7,1607,1610,1634,1630,PI,944,NA,27,20,NA,4,-3,UCA,SYR,37,NA,NA,0,NA,0,NA,NA,NA,NA,NA
1988,1,4,1,1739,1610,1758,1630,PI,944,NA,19,20,NA,88,89,UCA,SYR,37,NA,NA,0,NA,0,NA,NA,NA,NA,NA
1988,1,5,2,1619,1610,1647,1630,PI,944,NA,28,20,NA,17,9,UCA,SYR,37,NA,NA,0,NA,0,NA,NA,NA,NA,NA
1988,1,6,3,1610,1610,1631,1630,PI,944,NA,21,20,NA,1,0,UCA,SYR,37,NA,NA,0,NA,0,NA,NA,NA,NA,NA
1988,1,7,4,1618,1610,1640,1630,PI,944,NA,22,20,NA,10,8,UCA,SYR,37,NA,NA,0,NA,0,NA,NA,NA,NA,NA
1988,1,8,5,NA,1610,NA,1630,PI,944,NA,NA,20,NA,NA,NA,UCA,SYR,37,NA,NA,1,NA,0,NA,NA,NA,NA,NA
1988,1,10,7,1616,1610,1632,1630,PI,944,NA,16,20,NA,2,6,UCA,SYR,37,NA,NA,0,NA,0,NA,NA,NA,NA,NA
1988,1,11,1,1614,1610,1637,1630,PI,944,NA,23,20,NA,7,4,UCA,SYR,37,NA,NA,0,NA,0,NA,NA,NA,NA,NA
1988,1,12,2,1629,1610,1648,1630,PI,944,NA,19,20,NA,18,19,UCA,SYR,37,NA,NA,0,NA,0,NA,NA,NA,NA,NA
1988,1,13,3,1615,1610,1642,1630,PI,944,NA,27,20,NA,12,5,UCA,SYR,37,NA,NA,0,NA,0,NA,NA,NA,NA,NA
1988,1,14,4,1615,1610,1633,1630,PI,944,NA,18,20,NA,3,5,UCA,SYR,37,NA,NA,0,NA,0,NA,NA,NA,NA,NA
1988,1,15,5,1609,1610,1640,1630,PI,944,NA,31,20,NA,10,-1,UCA,SYR,37,NA,NA,0,NA,0,NA,NA,NA,NA,NA
1988,1,16,6,1610,1610,1639,1630,PI,944,NA,29,20,NA,9,0,UCA,SYR,37,NA,NA,0,NA,0,NA,NA,NA,NA,NA
1988,1,17,7,1610,1610,1635,1630,PI,944,NA,25,20,NA,5,0,UCA,SYR,37,NA,NA,0,NA,0,NA,NA,NA,NA,NA
1988,1,18,1,1623,1610,1707,1630,PI,944,NA,44,20,NA,37,13,UCA,SYR,37,NA,NA,0,NA,0,NA,NA,NA,NA,NA
1988,1,19,2,1610,1610,1636,1630,PI,944,NA,26,20,NA,6,0,UCA,SYR,37,NA,NA,0,NA,0,NA,NA,NA,NA,NA
1988,1,20,3,1608,1610,1631,1630,PI,944,NA,23,20,NA,1,-2,UCA,SYR,37,NA,NA,0,NA,0,NA,NA,NA,NA,NA
1988,1,21,4,1615,1610,1659,1630,PI,944,NA,44,20,NA,29,5,UCA,SYR,37,NA,NA,0,NA,0,NA,NA,NA,NA,NA
1988,1,22,5,1611,1610,1633,1630,PI,944,NA,22,20,NA,3,1,UCA,SYR,37,NA,NA,0,NA,0,NA,NA,NA,NA,NA
1988,1,23,6,1608,1610,1625,1630,PI,944,NA,17,20,NA,-5,-2,UCA,SYR,37,NA,NA,0,NA,0,NA,NA,NA,NA,NA
1988,1,24,7,1610,1610,1629,1630,PI,944,NA,19,20,NA,-1,0,UCA,SYR,37,NA,NA,0,NA,0,NA,NA,NA,NA,NA
1988,1,25,1,1609,1610,1625,1630,PI,944,NA,16,20,NA,-5,-1,UCA,SYR,37,NA,NA,0,NA,0,NA,NA,NA,NA,NA
1988,1,26,2,1628,1610,1657,1630,PI,944,NA,29,20,NA,27,18,UCA,SYR,37,NA,NA,0,NA,0,NA,NA,NA,NA,NA
1988,1,27,3,1618,1610,1649,1630,PI,944,NA,31,20,NA,19,8,UCA,SYR,37,NA,NA,0,NA,0,NA,NA,NA,NA,NA
1988,1,28,4,1610,1610,1630,1630,PI,944,NA,20,20,NA,0,0,UCA,SYR,37,NA,NA,0,NA,0,NA,NA,NA,NA,NA
1988,1,29,5,1617,1610,1641,1630,PI,944,NA,24,20,NA,11,7,UCA,SYR,37,NA,NA,0,NA,0,NA,NA,NA,NA,NA
1988,1,30,6,1610,1610,1627,1630,PI,944,NA,17,20,NA,-3,0,UCA,SYR,37,NA,NA,0,NA,0,NA,NA,NA,NA,NA
1988,1,31,7,1612,1610,1630,1630,PI,944,NA,18,20,NA,0,2,UCA,SYR,37,NA,NA,0,NA,0,NA,NA,NA,NA,NA
1988,1,2,6,2048,2031,2157,2142,PI,945,NA,69,71,NA,15,17,SYR,DCA,298,NA,NA,0,NA,0,NA,NA,NA,NA,NA
1988,1,3,7,2040,2031,2215,2142,PI,945,NA,95,71,NA,33,9,SYR,DCA,298,NA,NA,0,NA,0,NA,NA,NA,NA,NA
1988,1,4,1,2053,2031,2203,2142,PI,945,NA,70,71,NA,21,22,SYR,DCA,298,NA,NA,0,NA,0,NA,NA,NA,NA,NA
1988,1,5,2,2034,2031,2152,2142,PI,945,NA,78,71,NA,10,3,SYR,DCA,298,NA,NA,0,NA,0,NA,NA,NA,NA,NA
1988,1,6,3,2034,2031,2142,2142,PI,945,NA,68,71,NA,0,3,SYR,DCA,298,NA,NA,0,NA,0,NA,NA,NA,NA,NA
1988,1,7,4,2033,2031,2148,2142,PI,945,NA,75,71,NA,6,2,SYR,DCA,298,NA,NA,0,NA,0,NA,NA,NA,NA,NA
1988,1,8,5,NA,2031,NA,2142,PI,945,NA,NA,71,NA,NA,NA,SYR,DCA,298,NA,NA,1,NA,0,NA,NA,NA,NA,NA
1988,1,10,7,2034,2031,2142,2142,PI,945,NA,68,71,NA,0,3,SYR,DCA,298,NA,NA,0,NA,0,NA,NA,NA,NA,NA
1988,1,11,1,2030,2031,2141,2142,PI,945,NA,71,71,NA,-1,-1,SYR,DCA,298,NA,NA,0,NA,0,NA,NA,NA,NA,NA
1988,1,12,2,2036,2031,2147,2142,PI,945,NA,71,71,NA,5,5,SYR,DCA,298,NA,NA,0,NA,0,NA,NA,NA,NA,NA
1988,1,13,3,2035,2031,2146,2142,PI,945,NA,71,71,NA,4,4,SYR,DCA,298,NA,NA,0,NA,0,NA,NA,NA,NA,NA
1988,1,14,4,2036,2031,2138,2142,PI,945,NA,62,71,NA,-4,5,SYR,DCA,298,NA,NA,0,NA,0,NA,NA,NA,NA,NA
1988,1,15,5,2030,2031,2131,2142,PI,945,NA,61,71,NA,-11,-1,SYR,DCA,298,NA,NA,0,NA,0,NA,NA,NA,NA,NA
1988,1,17,7,2034,2031,2147,2142,PI,945,NA,73,71,NA,5,3,SYR,DCA,298,NA,NA,0,NA,0,NA,NA,NA,NA,NA
1988,1,18,1,2058,2031,2207,2142,PI,945,NA,69,71,NA,25,27,SYR,DCA,298,NA,NA,0,NA,0,NA,NA,NA,NA,NA
1988,1,19,2,2030,2031,2142,2142,PI,945,NA,72,71,NA,0,-1,SYR,DCA,298,NA,NA,0,NA,0,NA,NA,NA,NA,NA
1988,1,20,3,2031,2031,2150,2142,PI,945,NA,79,71,NA,8,0,SYR,DCA,298,NA,NA,0,NA,0,NA,NA,NA,NA,NA
1988,1,21,4,2035,2031,2152,2142,PI,945,NA,77,71,NA,10,4,SYR,DCA,298,NA,NA,0,NA,0,NA,NA,NA,NA,NA
1988,1,22,5,2026,2031,2135,2142,PI,945,NA,69,71,NA,-7,-5,SYR,DCA,298,NA,NA,0,NA,0,NA,NA,NA,NA,NA
1988,1,24,7,2039,2031,2153,2142,PI,945,NA,74,71,NA,11,8,SYR,DCA,298,NA,NA,0,NA,0,NA,NA,NA,NA,NA
1988,1,25,1,2032,2031,2153,2142,PI,945,NA,81,71,NA,11,1,SYR,DCA,298,NA,NA,0,NA,0,NA,NA,NA,NA,NA
1988,1,26,2,2039,2031,2147,2142,PI,945,NA,68,71,NA,5,8,SYR,DCA,298,NA,NA,0,NA,0,NA,NA,NA,NA,NA
1988,1,27,3,2029,2031,2149,2142,PI,945,NA,80,71,NA,7,-2,SYR,DCA,298,NA,NA,0,NA,0,NA,NA,NA,NA,NA
1988,1,28,4,2033,2031,2131,2142,PI,945,NA,58,71,NA,-11,2,SYR,DCA,298,NA,NA,0,NA,0,NA,NA,NA,NA,NA
1988,1,29,5,2032,2031,2137,2142,PI,945,NA,65,71,NA,-5,1,SYR,DCA,298,NA,NA,0,NA,0,NA,NA,NA,NA,NA
1988,1,31,7,2031,2031,2141,2142,PI,945,NA,70,71,NA,-1,0,SYR,DCA,298,NA,NA,0,NA,0,NA,NA,NA,NA,NA
1988,1,2,6,1911,1910,2021,2016,PI,948,NA,70,66,NA,5,1,CHO,LGA,305,NA,NA,0,NA,0,NA,NA,NA,NA,NA
1988,1,3,7,2026,1910,2143,2016,PI,948,NA,77,66,NA,87,76,CHO,LGA,305,NA,NA,0,NA,0,NA,NA,NA,NA,NA
1988,1,4,1,2018,1910,2119,2016,PI,948,NA,61,66,NA,63,68,CHO,LGA,305,NA,NA,0,NA,0,NA,NA,NA,NA,NA
1988,1,5,2,1921,1910,2018,2016,PI,948,NA,57,66,NA,2,11,CHO,LGA,305,NA,NA,0,NA,0,NA,NA,NA,NA,NA
1988,1,6,3,1924,1910,2025,2016,PI,948,NA,61,66,NA,9,14,CHO,LGA,305,NA,NA,0,NA,0,NA,NA,NA,NA,NA
1988,1,7,4,NA,1910,NA,2016,PI,948,NA,NA,66,NA,NA,NA,CHO,LGA,305,NA,NA,1,NA,0,NA,NA,NA,NA,NA
1988,1,8,5,2049,1910,2148,2016,PI,948,NA,59,66,NA,92,99,CHO,LGA,305,NA,NA,0,NA,0,NA,NA,NA,NA,NA
1988,1,10,7,1921,1910,2019,2016,PI,948,NA,58,66,NA,3,11,CHO,LGA,305,NA,NA,0,NA,0,NA,NA,NA,NA,NA
1988,1,11,1,NA,1910,NA,2016,PI,948,NA,NA,66,NA,NA,NA,CHO,LGA,305,NA,NA,1,NA,0,NA,NA,NA,NA,NA
1988,1,12,2,1933,1910,2038,2016,PI,948,NA,65,66,NA,22,23,CHO,LGA,305,NA,NA,0,NA,0,NA,NA,NA,NA,NA
1988,1,13,3,1926,1910,2047,2016,PI,948,NA,81,66,NA,31,16,CHO,LGA,305,NA,NA,0,NA,0,NA,NA,NA,NA,NA
1988,1,14,4,1920,1910,2015,2016,PI,948,NA,55,66,NA,-1,10,CHO,LGA,305,NA,NA,0,NA,0,NA,NA,NA,NA,NA
1988,1,15,5,1917,1910,2015,2016,PI,948,NA,58,66,NA,-1,7,CHO,LGA,305,NA,NA,0,NA,0,NA,NA,NA,NA,NA
1988,1,17,7,1938,1910,2035,2016,PI,948,NA,57,66,NA,19,28,CHO,LGA,305,NA,NA,0,NA,0,NA,NA,NA,NA,NA
1988,1,18,1,2012,1910,2108,2016,PI,948,NA,56,66,NA,52,62,CHO,LGA,305,NA,NA,0,NA,0,NA,NA,NA,NA,NA
1988,1,19,2,1943,1910,2041,2016,PI,948,NA,58,66,NA,25,33,CHO,LGA,305,NA,NA,0,NA,0,NA,NA,NA,NA,NA
1988,1,20,3,NA,1910,NA,2016,PI,948,NA,NA,66,NA,NA,NA,CHO,LGA,305,NA,NA,1,NA,0,NA,NA,NA,NA,NA
1988,1,21,4,1910,1910,2009,2016,PI,948,NA,59,66,NA,-7,0,CHO,LGA,305,NA,NA,0,NA,0,NA,NA,NA,NA,NA
1988,1,22,5,1915,1910,2013,2016,PI,948,NA,58,66,NA,-3,5,CHO,LGA,305,NA,NA,0,NA,0,NA,NA,NA,NA,NA
1988,1,24,7,NA,1910,NA,2016,PI,948,NA,NA,66,NA,NA,NA,CHO,LGA,305,NA,NA,1,NA,0,NA,NA,NA,NA,NA
1988,1,25,1,1937,1910,2142,2016,PI,948,NA,125,66,NA,86,27,CHO,LGA,305,NA,NA,0,NA,0,NA,NA,NA,NA,NA
1988,1,26,2,1909,1910,2005,2016,PI,948,NA,56,66,NA,-11,-1,CHO,LGA,305,NA,NA,0,NA,0,NA,NA,NA,NA,NA
1988,1,27,3,1909,1910,2016,2016,PI,948,NA,67,66,NA,0,-1,CHO,LGA,305,NA,NA,0,NA,0,NA,NA,NA,NA,NA
1988,1,28,4,1934,1910,2035,2016,PI,948,NA,61,66,NA,19,24,CHO,LGA,305,NA,NA,0,NA,0,NA,NA,NA,NA,NA
1988,1,29,5,1917,1910,2030,2016,PI,948,NA,73,66,NA,14,7,CHO,LGA,305,NA,NA,0,NA,0,NA,NA,NA,NA,NA
1988,1,31,7,1917,1910,2019,2016,PI,948,NA,62,66,NA,3,7,CHO,LGA,305,NA,NA,0,NA,0,NA,NA,NA,NA,NA
1988,1,2,6,1737,1728,1814,1813,PI,948,NA,37,45,NA,1,9,CLT,LYH,175,NA,NA,0,NA,0,NA,NA,NA,NA,NA
1988,1,3,7,1805,1728,1905,1813,PI,948,NA,60,45,NA,52,37,CLT,LYH,175,NA,NA,0,NA,0,NA,NA,NA,NA,NA
1988,1,4,1,1826,1728,1905,1813,PI,948,NA,39,45,NA,52,58,CLT,LYH,175,NA,NA,0,NA,0,NA,NA,NA,NA,NA
1988,1,5,2,1756,1728,1833,1813,PI,948,NA,37,45,NA,20,28,CLT,LYH,175,NA,NA,0,NA,0,NA,NA,NA,NA,NA
1988,1,6,3,1740,1728,1826,1813,PI,948,NA,46,45,NA,13,12,CLT,LYH,175,NA,NA,0,NA,0,NA,NA,NA,NA,NA
1988,1,7,4,NA,1728,NA,1813,PI,948,NA,NA,45,NA,NA,NA,CLT,LYH,175,NA,NA,1,NA,0,NA,NA,NA,NA,NA
1988,1,8,5,1908,1728,1954,1813,PI,948,NA,46,45,NA,101,100,CLT,LYH,175,NA,NA,0,NA,0,NA,NA,NA,NA,NA
1988,1,10,7,1747,1728,1832,1813,PI,948,NA,45,45,NA,19,19,CLT,LYH,175,NA,NA,0,NA,0,NA,NA,NA,NA,NA
1988,1,11,1,NA,1728,NA,1813,PI,948,NA,NA,45,NA,NA,NA,CLT,LYH,175,NA,NA,1,NA,0,NA,NA,NA,NA,NA
1988,1,12,2,1800,1728,1846,1813,PI,948,NA,46,45,NA,33,32,CLT,LYH,175,NA,NA,0,NA,0,NA,NA,NA,NA,NA
1988,1,13,3,1741,1728,1840,1813,PI,948,NA,59,45,NA,27,13,CLT,LYH,175,NA,NA,0,NA,0,NA,NA,NA,NA,NA
1988,1,14,4,1742,1728,1832,1813,PI,948,NA,50,45,NA,19,14,CLT,LYH,175,NA,NA,0,NA,0,NA,NA,NA,NA,NA
1988,1,15,5,1741,1728,1827,1813,PI,948,NA,46,45,NA,14,13,CLT,LYH,175,NA,NA,0,NA,0,NA,NA,NA,NA,NA
1988,1,17,7,1752,1728,1835,1813,PI,948,NA,43,45,NA,22,24,CLT,LYH,175,NA,NA,0,NA,0,NA,NA,NA,NA,NA
1988,1,18,1,NA,1728,NA,1813,PI,948,NA,NA,45,NA,NA,NA,CLT,LYH,175,NA,NA,1,NA,0,NA,NA,NA,NA,NA
1988,1,19,2,1754,1728,1850,1813,PI,948,NA,56,45,NA,37,26,CLT,LYH,175,NA,NA,0,NA,0,NA,NA,NA,NA,NA
1988,1,20,3,1756,1728,1838,1813,PI,948,NA,42,45,NA,25,28,CLT,LYH,175,NA,NA,0,NA,0,NA,NA,NA,NA,NA
1988,1,21,4,1732,1728,1813,1813,PI,948,NA,41,45,NA,0,4,CLT,LYH,175,NA,NA,0,NA,0,NA,NA,NA,NA,NA
1988,1,22,5,1731,1728,1819,1813,PI,948,NA,48,45,NA,6,3,CLT,LYH,175,NA,NA,0,NA,0,NA,NA,NA,NA,NA
1988,1,24,7,1737,1728,1824,1813,PI,948,NA,47,45,NA,11,9,CLT,LYH,175,NA,NA,0,NA,0,NA,NA,NA,NA,NA
1988,1,25,1,1805,1728,1843,1813,PI,948,NA,38,45,NA,30,37,CLT,LYH,175,NA,NA,0,NA,0,NA,NA,NA,NA,NA
1988,1,26,2,1730,1728,1812,1813,PI,948,NA,42,45,NA,-1,2,CLT,LYH,175,NA,NA,0,NA,0,NA,NA,NA,NA,NA
1988,1,27,3,1729,1728,1819,1813,PI,948,NA,50,45,NA,6,1,CLT,LYH,175,NA,NA,0,NA,0,NA,NA,NA,NA,NA
1988,1,28,4,1735,1728,1829,1813,PI,948,NA,54,45,NA,16,7,CLT,LYH,175,NA,NA,0,NA,0,NA,NA,NA,NA,NA
1988,1,29,5,1735,1728,1823,1813,PI,948,NA,48,45,NA,10,7,CLT,LYH,175,NA,NA,0,NA,0,NA,NA,NA,NA,NA
1988,1,31,7,1731,1728,1813,1813,PI,948,NA,42,45,NA,0,3,CLT,LYH,175,NA,NA,0,NA,0,NA,NA,NA,NA,NA
1988,1,2,6,1413,1410,1525,1530,PI,948,NA,72,80,NA,-5,3,EWR,ROA,389,NA,NA,0,NA,0,NA,NA,NA,NA,NA
1988,1,3,7,1423,1410,1552,1530,PI,948,NA,89,80,NA,22,13,EWR,ROA,389,NA,NA,0,NA,0,NA,NA,NA,NA,NA
1988,1,4,1,1449,1410,1622,1530,PI,948,NA,93,80,NA,52,39,EWR,ROA,389,NA,NA,0,NA,0,NA,NA,NA,NA,NA
1988,1,5,2,1412,1410,1554,1530,PI,948,NA,102,80,NA,24,2,EWR,ROA,389,NA,NA,0,NA,0,NA,NA,NA,NA,NA
1988,1,6,3,1410,1410,1541,1530,PI,948,NA,91,80,NA,11,0,EWR,ROA,389,NA,NA,0,NA,0,NA,NA,NA,NA,NA
1988,1,7,4,NA,1410,NA,1530,PI,948,NA,NA,80,NA,NA,NA,EWR,ROA,389,NA,NA,1,NA,0,NA,NA,NA,NA,NA
1988,1,8,5,NA,1410,NA,1530,PI,948,NA,NA,80,NA,NA,NA,EWR,ROA,389,NA,NA,1,NA,0,NA,NA,NA,NA,NA
1988,1,10,7,1409,1410,1534,1530,PI,948,NA,85,80,NA,4,-1,EWR,ROA,389,NA,NA,0,NA,0,NA,NA,NA,NA,NA
1988,1,11,1,NA,1410,NA,1530,PI,948,NA,NA,80,NA,NA,NA,EWR,ROA,389,NA,NA,1,NA,0,NA,NA,NA,NA,NA
1988,1,12,2,1418,1410,1543,1530,PI,948,NA,85,80,NA,13,8,EWR,ROA,389,NA,NA,0,NA,0,NA,NA,NA,NA,NA
1988,1,13,3,NA,1410,NA,1530,PI,948,NA,NA,80,NA,NA,NA,EWR,ROA,389,NA,NA,1,NA,0,NA,NA,NA,NA,NA
1988,1,14,4,1410,1410,1532,1530,PI,948,NA,82,80,NA,2,0,EWR,ROA,389,NA,NA,0,NA,0,NA,NA,NA,NA,NA
1988,1,15,5,1407,1410,1527,1530,PI,948,NA,80,80,NA,-3,-3,EWR,ROA,389,NA,NA,0,NA,0,NA,NA,NA,NA,NA
1988,1,17,7,1409,1410,1529,1530,PI,948,NA,80,80,NA,-1,-1,EWR,ROA,389,NA,NA,0,NA,0,NA,NA,NA,NA,NA
1988,1,18,1,1516,1410,1633,1530,PI,948,NA,77,80,NA,63,66,EWR,ROA,389,NA,NA,0,NA,0,NA,NA,NA,NA,NA
1988,1,19,2,1408,1410,1601,1530,PI,948,NA,113,80,NA,31,-2,EWR,ROA,389,NA,NA,0,NA,0,NA,NA,NA,NA,NA
1988,1,20,3,NA,1410,NA,1530,PI,948,NA,NA,80,NA,NA,NA,EWR,ROA,389,NA,NA,1,NA,0,NA,NA,NA,NA,NA
1988,1,21,4,1410,1410,1545,1530,PI,948,NA,95,80,NA,15,0,EWR,ROA,389,NA,NA,0,NA,0,NA,NA,NA,NA,NA
1988,1,22,5,1409,1410,1531,1530,PI,948,NA,82,80,NA,1,-1,EWR,ROA,389,NA,NA,0,NA,0,NA,NA,NA,NA,NA
1988,1,24,7,1412,1410,1543,1530,PI,948,NA,91,80,NA,13,2,EWR,ROA,389,NA,NA,0,NA,0,NA,NA,NA,NA,NA
1988,1,25,1,1409,1410,1600,1530,PI,948,NA,111,80,NA,30,-1,EWR,ROA,389,NA,NA,0,NA,0,NA,NA,NA,NA,NA
1988,1,26,2,1409,1410,1547,1530,PI,948,NA,98,80,NA,17,-1,EWR,ROA,389,NA,NA,0,NA,0,NA,NA,NA,NA,NA
1988,1,27,3,1407,1410,1524,1530,PI,948,NA,77,80,NA,-6,-3,EWR,ROA,389,NA,NA,0,NA,0,NA,NA,NA,NA,NA
1988,1,28,4,1410,1410,1521,1530,PI,948,NA,71,80,NA,-9,0,EWR,ROA,389,NA,NA,0,NA,0,NA,NA,NA,NA,NA
1988,1,29,5,1406,1410,1519,1530,PI,948,NA,73,80,NA,-11,-4,EWR,ROA,389,NA,NA,0,NA,0,NA,NA,NA,NA,NA
1988,1,31,7,1408,1410,1524,1530,PI,948,NA,76,80,NA,-6,-2,EWR,ROA,389,NA,NA,0,NA,0,NA,NA,NA,NA,NA
1988,1,2,6,1830,1826,1852,1851,PI,948,NA,22,25,NA,1,4,LYH,CHO,70,NA,NA,0,NA,0,NA,NA,NA,NA,NA
1988,1,3,7,1929,1826,1955,1851,PI,948,NA,26,25,NA,64,63,LYH,CHO,70,NA,NA,0,NA,0,NA,NA,NA,NA,NA
1988,1,4,1,1941,1826,2005,1851,PI,948,NA,24,25,NA,74,75,LYH,CHO,70,NA,NA,0,NA,0,NA,NA,NA,NA,NA
1988,1,5,2,1847,1826,1910,1851,PI,948,NA,23,25,NA,19,21,LYH,CHO,70,NA,NA,0,NA,0,NA,NA,NA,NA,NA
1988,1,6,3,1850,1826,1911,1851,PI,948,NA,21,25,NA,20,24,LYH,CHO,70,NA,NA,0,NA,0,NA,NA,NA,NA,NA
1988,1,7,4,NA,1826,NA,1851,PI,948,NA,NA,25,NA,NA,NA,LYH,CHO,70,NA,NA,1,NA,0,NA,NA,NA,NA,NA
1988,1,8,5,2015,1826,2038,1851,PI,948,NA,23,25,NA,107,109,LYH,CHO,70,NA,NA,0,NA,0,NA,NA,NA,NA,NA
1988,1,10,7,1848,1826,1909,1851,PI,948,NA,21,25,NA,18,22,LYH,CHO,70,NA,NA,0,NA,0,NA,NA,NA,NA,NA
1988,1,11,1,NA,1826,NA,1851,PI,948,NA,NA,25,NA,NA,NA,LYH,CHO,70,NA,NA,1,NA,0,NA,NA,NA,NA,NA
1988,1,12,2,1901,1826,1919,1851,PI,948,NA,18,25,NA,28,35,LYH,CHO,70,NA,NA,0,NA,0,NA,NA,NA,NA,NA
1988,1,13,3,1847,1826,1912,1851,PI,948,NA,25,25,NA,21,21,LYH,CHO,70,NA,NA,0,NA,0,NA,NA,NA,NA,NA
1988,1,14,4,1850,1826,1908,1851,PI,948,NA,18,25,NA,17,24,LYH,CHO,70,NA,NA,0,NA,0,NA,NA,NA,NA,NA
1988,1,15,5,1842,1826,1908,1851,PI,948,NA,26,25,NA,17,16,LYH,CHO,70,NA,NA,0,NA,0,NA,NA,NA,NA,NA
1988,1,17,7,1854,1826,1920,1851,PI,948,NA,26,25,NA,29,28,LYH,CHO,70,NA,NA,0,NA,0,NA,NA,NA,NA,NA
1988,1,18,1,NA,1826,NA,1851,PI,948,NA,NA,25,NA,NA,NA,LYH,CHO,70,NA,NA,1,NA,0,NA,NA,NA,NA,NA
1988,1,19,2,1909,1826,1928,1851,PI,948,NA,19,25,NA,37,43,LYH,CHO,70,NA,NA,0,NA,0,NA,NA,NA,NA,NA
1988,1,20,3,NA,1826,NA,1851,PI,948,NA,NA,25,NA,NA,NA,LYH,CHO,70,NA,NA,1,NA,0,NA,NA,NA,NA,NA
1988,1,21,4,1826,1826,1846,1851,PI,948,NA,20,25,NA,-5,0,LYH,CHO,70,NA,NA,0,NA,0,NA,NA,NA,NA,NA
1988,1,22,5,1833,1826,1856,1851,PI,948,NA,23,25,NA,5,7,LYH,CHO,70,NA,NA,0,NA,0,NA,NA,NA,NA,NA
1988,1,24,7,1849,1826,NA,1851,PI,948,NA,NA,25,NA,NA,23,LYH,CHO,70,NA,NA,0,NA,1,NA,NA,NA,NA,NA
1988,1,25,1,1859,1826,1923,1851,PI,948,NA,24,25,NA,32,33,LYH,CHO,70,NA,NA,0,NA,0,NA,NA,NA,NA,NA
1988,1,26,2,1826,1826,1848,1851,PI,948,NA,22,25,NA,-3,0,LYH,CHO,70,NA,NA,0,NA,0,NA,NA,NA,NA,NA
1988,1,27,3,1835,1826,1855,1851,PI,948,NA,20,25,NA,4,9,LYH,CHO,70,NA,NA,0,NA,0,NA,NA,NA,NA,NA
1988,1,28,4,1844,1826,1911,1851,PI,948,NA,27,25,NA,20,18,LYH,CHO,70,NA,NA,0,NA,0,NA,NA,NA,NA,NA
1988,1,29,5,1838,1826,1903,1851,PI,948,NA,25,25,NA,12,12,LYH,CHO,70,NA,NA,0,NA,0,NA,NA,NA,NA,NA
1988,1,31,7,1832,1826,1858,1851,PI,948,NA,26,25,NA,7,6,LYH,CHO,70,NA,NA,0,NA,0,NA,NA,NA,NA,NA
1988,1,1,5,1605,1600,1700,1642,PI,948,NA,55,42,NA,18,5,ROA,CLT,155,NA,NA,0,NA,0,NA,NA,NA,NA,NA
1988,1,2,6,1600,1600,1641,1642,PI,948,NA,41,42,NA,-1,0,ROA,CLT,155,NA,NA,0,NA,0,NA,NA,NA,NA,NA
1988,1,3,7,1620,1600,1714,1642,PI,948,NA,54,42,NA,32,20,ROA,CLT,155,NA,NA,0,NA,0,NA,NA,NA,NA,NA
1988,1,4,1,1643,1600,1725,1642,PI,948,NA,42,42,NA,43,43,ROA,CLT,155,NA,NA,0,NA,0,NA,NA,NA,NA,NA
1988,1,5,2,1613,1600,1707,1642,PI,948,NA,54,42,NA,25,13,ROA,CLT,155,NA,NA,0,NA,0,NA,NA,NA,NA,NA
1988,1,6,3,1602,1600,1701,1642,PI,948,NA,59,42,NA,19,2,ROA,CLT,155,NA,NA,0,NA,0,NA,NA,NA,NA,NA
1988,1,7,4,NA,1600,NA,1642,PI,948,NA,NA,42,NA,NA,NA,ROA,CLT,155,NA,NA,1,NA,0,NA,NA,NA,NA,NA
1988,1,8,5,1607,1600,1746,1642,PI,948,NA,99,42,NA,64,7,ROA,CLT,155,NA,NA,0,NA,0,NA,NA,NA,NA,NA
1988,1,9,6,1649,1600,1746,1642,PI,948,NA,57,42,NA,64,49,ROA,CLT,155,NA,NA,0,NA,0,NA,NA,NA,NA,NA
1988,1,10,7,1600,1600,1657,1642,PI,948,NA,57,42,NA,15,0,ROA,CLT,155,NA,NA,0,NA,0,NA,NA,NA,NA,NA
1988,1,11,1,NA,1600,NA,1642,PI,948,NA,NA,42,NA,NA,NA,ROA,CLT,155,NA,NA,1,NA,0,NA,NA,NA,NA,NA
1988,1,12,2,1609,1600,1729,1642,PI,948,NA,80,42,NA,47,9,ROA,CLT,155,NA,NA,0,NA,0,NA,NA,NA,NA,NA
1988,1,13,3,1601,1600,1700,1642,PI,948,NA,59,42,NA,18,1,ROA,CLT,155,NA,NA,0,NA,0,NA,NA,NA,NA,NA
1988,1,14,4,1559,1600,1655,1642,PI,948,NA,56,42,NA,13,-1,ROA,CLT,155,NA,NA,0,NA,0,NA,NA,NA,NA,NA
1988,1,15,5,1605,1600,1702,1642,PI,948,NA,57,42,NA,20,5,ROA,CLT,155,NA,NA,0,NA,0,NA,NA,NA,NA,NA
1988,1,16,6,1558,1600,1639,1642,PI,948,NA,41,42,NA,-3,-2,ROA,CLT,155,NA,NA,0,NA,0,NA,NA,NA,NA,NA
1988,1,17,7,1602,1600,1701,1642,PI,948,NA,59,42,NA,19,2,ROA,CLT,155,NA,NA,0,NA,0,NA,NA,NA,NA,NA
1988,1,18,1,NA,1600,NA,1642,PI,948,NA,NA,42,NA,NA,NA,ROA,CLT,155,NA,NA,1,NA,0,NA,NA,NA,NA,NA
1988,1,19,2,1623,1600,1711,1642,PI,948,NA,48,42,NA,29,23,ROA,CLT,155,NA,NA,0,NA,0,NA,NA,NA,NA,NA
1988,1,20,3,1605,1600,1704,1642,PI,948,NA,59,42,NA,22,5,ROA,CLT,155,NA,NA,0,NA,0,NA,NA,NA,NA,NA
1988,1,21,4,1605,1600,1651,1642,PI,948,NA,46,42,NA,9,5,ROA,CLT,155,NA,NA,0,NA,0,NA,NA,NA,NA,NA
1988,1,22,5,1600,1600,1653,1642,PI,948,NA,53,42,NA,11,0,ROA,CLT,155,NA,NA,0,NA,0,NA,NA,NA,NA,NA
1988,1,23,6,1558,1600,1641,1642,PI,948,NA,43,42,NA,-1,-2,ROA,CLT,155,NA,NA,0,NA,0,NA,NA,NA,NA,NA
1988,1,24,7,1600,1600,1647,1642,PI,948,NA,47,42,NA,5,0,ROA,CLT,155,NA,NA,0,NA,0,NA,NA,NA,NA,NA
1988,1,25,1,1615,1600,1705,1642,PI,948,NA,50,42,NA,23,15,ROA,CLT,155,NA,NA,0,NA,0,NA,NA,NA,NA,NA
1988,1,26,2,1603,1600,1648,1642,PI,948,NA,45,42,NA,6,3,ROA,CLT,155,NA,NA,0,NA,0,NA,NA,NA,NA,NA
1988,1,27,3,1558,1600,1649,1642,PI,948,NA,51,42,NA,7,-2,ROA,CLT,155,NA,NA,0,NA,0,NA,NA,NA,NA,NA
1988,1,28,4,1601,1600,1659,1642,PI,948,NA,58,42,NA,17,1,ROA,CLT,155,NA,NA,0,NA,0,NA,NA,NA,NA,NA
1988,1,29,5,1601,1600,1653,1642,PI,948,NA,52,42,NA,11,1,ROA,CLT,155,NA,NA,0,NA,0,NA,NA,NA,NA,NA
1988,1,30,6,1600,1600,1641,1642,PI,948,NA,41,42,NA,-1,0,ROA,CLT,155,NA,NA,0,NA,0,NA,NA,NA,NA,NA
1988,1,31,7,1601,1600,1643,1642,PI,948,NA,42,42,NA,1,1,ROA,CLT,155,NA,NA,0,NA,0,NA,NA,NA,NA,NA
1988,1,1,5,2058,2100,2212,2205,PI,949,NA,74,65,NA,7,-2,EWR,ORF,284,NA,NA,0,NA,0,NA,NA,NA,NA,NA
1988,1,9,6,2100,2100,2217,2205,PI,949,NA,77,65,NA,12,0,EWR,ORF,284,NA,NA,0,NA,0,NA,NA,NA,NA,NA
1988,1,16,6,2058,2100,2205,2205,PI,949,NA,67,65,NA,0,-2,EWR,ORF,284,NA,NA,0,NA,0,NA,NA,NA,NA,NA
1988,1,23,6,2101,2100,2201,2205,PI,949,NA,60,65,NA,-4,1,EWR,ORF,284,NA,NA,0,NA,0,NA,NA,NA,NA,NA
1988,1,30,6,2101,2100,2205,2205,PI,949,NA,64,65,NA,0,1,EWR,ORF,284,NA,NA,0,NA,0,NA,NA,NA,NA,NA
1988,1,1,5,2041,2041,2131,2141,PI,950,NA,50,60,NA,-10,0,BWI,BGM,212,NA,NA,0,NA,0,NA,NA,NA,NA,NA
1988,1,2,6,2043,2041,2136,2141,PI,950,NA,53,60,NA,-5,2,BWI,BGM,212,NA,NA,0,NA,0,NA,NA,NA,NA,NA
1988,1,3,7,2126,2041,2256,2141,PI,950,NA,90,60,NA,75,45,BWI,BGM,212,NA,NA,0,NA,0,NA,NA,NA,NA,NA
1988,1,4,1,2112,2041,2202,2141,PI,950,NA,50,60,NA,21,31,BWI,BGM,212,NA,NA,0,NA,0,NA,NA,NA,NA,NA
1988,1,5,2,2046,2041,2146,2141,PI,950,NA,60,60,NA,5,5,BWI,BGM,212,NA,NA,0,NA,0,NA,NA,NA,NA,NA
1988,1,6,3,2050,2052,2146,2152,PI,950,NA,56,60,NA,-6,-2,BWI,BGM,212,NA,NA,0,NA,0,NA,NA,NA,NA,NA
1988,1,7,4,2108,2052,2218,2152,PI,950,NA,70,60,NA,26,16,BWI,BGM,212,NA,NA,0,NA,0,NA,NA,NA,NA,NA
1988,1,8,5,NA,2052,NA,2152,PI,950,NA,NA,60,NA,NA,NA,BWI,BGM,212,NA,NA,1,NA,0,NA,NA,NA,NA,NA
1988,1,9,6,2111,2052,2204,2152,PI,950,NA,53,60,NA,12,19,BWI,BGM,212,NA,NA,0,NA,0,NA,NA,NA,NA,NA
1988,1,10,7,2102,2052,2208,2152,PI,950,NA,66,60,NA,16,10,BWI,BGM,212,NA,NA,0,NA,0,NA,NA,NA,NA,NA
1988,1,11,1,2055,2052,2203,2152,PI,950,NA,68,60,NA,11,3,BWI,BGM,212,NA,NA,0,NA,0,NA,NA,NA,NA,NA
1988,1,12,2,2105,2052,2200,2152,PI,950,NA,55,60,NA,8,13,BWI,BGM,212,NA,NA,0,NA,0,NA,NA,NA,NA,NA
1988,1,13,3,2106,2052,2156,2152,PI,950,NA,50,60,NA,4,14,BWI,BGM,212,NA,NA,0,NA,0,NA,NA,NA,NA,NA
1988,1,14,4,2050,2052,2151,2152,PI,950,NA,61,60,NA,-1,-2,BWI,BGM,212,NA,NA,0,NA,0,NA,NA,NA,NA,NA
1988,1,16,6,2112,2052,2205,2152,PI,950,NA,53,60,NA,13,20,BWI,BGM,212,NA,NA,0,NA,0,NA,NA,NA,NA,NA
1988,1,17,7,2102,2052,2208,2152,PI,950,NA,66,60,NA,16,10,BWI,BGM,212,NA,NA,0,NA,0,NA,NA,NA,NA,NA
1988,1,18,1,2059,2052,2201,2152,PI,950,NA,62,60,NA,9,7,BWI,BGM,212,NA,NA,0,NA,0,NA,NA,NA,NA,NA
1988,1,19,2,2056,2052,2154,2152,PI,950,NA,58,60,NA,2,4,BWI,BGM,212,NA,NA,0,NA,0,NA,NA,NA,NA,NA
1988,1,20,3,NA,2052,NA,2152,PI,950,NA,NA,60,NA,NA,NA,BWI,BGM,212,NA,NA,1,NA,0,NA,NA,NA,NA,NA
1988,1,21,4,2048,2052,2141,2152,PI,950,NA,53,60,NA,-11,-4,BWI,BGM,212,NA,NA,0,NA,0,NA,NA,NA,NA,NA
1988,1,22,5,2050,2052,2152,2152,PI,950,NA,62,60,NA,0,-2,BWI,BGM,212,NA,NA,0,NA,0,NA,NA,NA,NA,NA
1988,1,23,6,2052,2052,2200,2152,PI,950,NA,68,60,NA,8,0,BWI,BGM,212,NA,NA,0,NA,0,NA,NA,NA,NA,NA
1988,1,24,7,2051,2052,2159,2152,PI,950,NA,68,60,NA,7,-1,BWI,BGM,212,NA,NA,0,NA,0,NA,NA,NA,NA,NA
1988,1,25,1,NA,2052,NA,2152,PI,950,NA,NA,60,NA,NA,NA,BWI,BGM,212,NA,NA,1,NA,0,NA,NA,NA,NA,NA
1988,1,26,2,2049,2052,2200,2152,PI,950,NA,71,60,NA,8,-3,BWI,BGM,212,NA,NA,0,NA,0,NA,NA,NA,NA,NA
1988,1,27,3,2050,2052,2157,2152,PI,950,NA,67,60,NA,5,-2,BWI,BGM,212,NA,NA,0,NA,0,NA,NA,NA,NA,NA
1988,1,28,4,2103,2052,2210,2152,PI,950,NA,67,60,NA,18,11,BWI,BGM,212,NA,NA,0,NA,0,NA,NA,NA,NA,NA
1988,1,29,5,2058,2052,2209,2152,PI,950,NA,71,60,NA,17,6,BWI,BGM,212,NA,NA,0,NA,0,NA,NA,NA,NA,NA
1988,1,30,6,2052,2052,2158,2152,PI,950,NA,66,60,NA,6,0,BWI,BGM,212,NA,NA,0,NA,0,NA,NA,NA,NA,NA
1988,1,31,7,2049,2052,2156,2152,PI,950,NA,67,60,NA,4,-3,BWI,BGM,212,NA,NA,0,NA,0,NA,NA,NA,NA,NA
1988,1,1,5,1837,1840,1946,2002,PI,950,NA,69,82,NA,-16,-3,MYR,BWI,399,NA,NA,0,NA,0,NA,NA,NA,NA,NA
1988,1,2,6,1851,1840,2006,2002,PI,950,NA,75,82,NA,4,11,MYR,BWI,399,NA,NA,0,NA,0,NA,NA,NA,NA,NA
1988,1,3,7,1859,1840,2019,2002,PI,950,NA,80,82,NA,17,19,MYR,BWI,399,NA,NA,0,NA,0,NA,NA,NA,NA,NA
1988,1,4,1,1840,1840,1948,2002,PI,950,NA,68,82,NA,-14,0,MYR,BWI,399,NA,NA,0,NA,0,NA,NA,NA,NA,NA
1988,1,5,2,1839,1840,1953,2002,PI,950,NA,74,82,NA,-9,-1,MYR,BWI,399,NA,NA,0,NA,0,NA,NA,NA,NA,NA
1988,1,6,3,1840,1840,2001,2002,PI,950,NA,81,82,NA,-1,0,MYR,BWI,399,NA,NA,0,NA,0,NA,NA,NA,NA,NA
1988,1,7,4,NA,1840,NA,2002,PI,950,NA,NA,82,NA,NA,NA,MYR,BWI,399,NA,NA,1,NA,0,NA,NA,NA,NA,NA
1988,1,8,5,NA,1840,NA,2002,PI,950,NA,NA,82,NA,NA,NA,MYR,BWI,399,NA,NA,1,NA,0,NA,NA,NA,NA,NA
1988,1,9,6,1850,1840,1954,2002,PI,950,NA,64,82,NA,-8,10,MYR,BWI,399,NA,NA,0,NA,0,NA,NA,NA,NA,NA
1988,1,10,7,1839,1840,1954,2002,PI,950,NA,75,82,NA,-8,-1,MYR,BWI,399,NA,NA,0,NA,0,NA,NA,NA,NA,NA
1988,1,11,1,1840,1840,1953,2002,PI,950,NA,73,82,NA,-9,0,MYR,BWI,399,NA,NA,0,NA,0,NA,NA,NA,NA,NA
1988,1,12,2,1837,1840,1945,2002,PI,950,NA,68,82,NA,-17,-3,MYR,BWI,399,NA,NA,0,NA,0,NA,NA,NA,NA,NA
1988,1,13,3,1838,1840,1946,2002,PI,950,NA,68,82,NA,-16,-2,MYR,BWI,399,NA,NA,0,NA,0,NA,NA,NA,NA,NA
1988,1,14,4,1838,1840,1950,2002,PI,950,NA,72,82,NA,-12,-2,MYR,BWI,399,NA,NA,0,NA,0,NA,NA,NA,NA,NA
1988,1,15,5,1841,1840,2003,2002,PI,950,NA,82,82,NA,1,1,MYR,BWI,399,NA,NA,0,NA,0,NA,NA,NA,NA,NA
1988,1,16,6,1839,1840,1954,2002,PI,950,NA,75,82,NA,-8,-1,MYR,BWI,399,NA,NA,0,NA,0,NA,NA,NA,NA,NA
1988,1,17,7,1839,1840,1949,2002,PI,950,NA,70,82,NA,-13,-1,MYR,BWI,399,NA,NA,0,NA,0,NA,NA,NA,NA,NA
1988,1,18,1,1840,1840,2003,2002,PI,950,NA,83,82,NA,1,0,MYR,BWI,399,NA,NA,0,NA,0,NA,NA,NA,NA,NA
1988,1,19,2,1839,1840,1953,2002,PI,950,NA,74,82,NA,-9,-1,MYR,BWI,399,NA,NA,0,NA,0,NA,NA,NA,NA,NA
1988,1,20,3,1907,1840,2025,2002,PI,950,NA,78,82,NA,23,27,MYR,BWI,399,NA,NA,0,NA,0,NA,NA,NA,NA,NA
1988,1,21,4,1840,1840,1947,2002,PI,950,NA,67,82,NA,-15,0,MYR,BWI,399,NA,NA,0,NA,0,NA,NA,NA,NA,NA
1988,1,22,5,1837,1840,1950,2002,PI,950,NA,73,82,NA,-12,-3,MYR,BWI,399,NA,NA,0,NA,0,NA,NA,NA,NA,NA
1988,1,23,6,1838,1840,1947,2002,PI,950,NA,69,82,NA,-15,-2,MYR,BWI,399,NA,NA,0,NA,0,NA,NA,NA,NA,NA
1988,1,24,7,1839,1840,1950,2002,PI,950,NA,71,82,NA,-12,-1,MYR,BWI,399,NA,NA,0,NA,0,NA,NA,NA,NA,NA
1988,1,25,1,1851,1840,2000,2002,PI,950,NA,69,82,NA,-2,11,MYR,BWI,399,NA,NA,0,NA,0,NA,NA,NA,NA,NA
1988,1,26,2,1838,1840,1941,2002,PI,950,NA,63,82,NA,-21,-2,MYR,BWI,399,NA,NA,0,NA,0,NA,NA,NA,NA,NA
1988,1,27,3,1844,1840,2000,2002,PI,950,NA,76,82,NA,-2,4,MYR,BWI,399,NA,NA,0,NA,0,NA,NA,NA,NA,NA
1988,1,28,4,1839,1840,2006,2002,PI,950,NA,87,82,NA,4,-1,MYR,BWI,399,NA,NA,0,NA,0,NA,NA,NA,NA,NA
1988,1,29,5,1855,1840,2016,2002,PI,950,NA,81,82,NA,14,15,MYR,BWI,399,NA,NA,0,NA,0,NA,NA,NA,NA,NA
1988,1,30,6,1838,1840,1952,2002,PI,950,NA,74,82,NA,-10,-2,MYR,BWI,399,NA,NA,0,NA,0,NA,NA,NA,NA,NA
1988,1,31,7,1852,1840,2005,2002,PI,950,NA,73,82,NA,3,12,MYR,BWI,399,NA,NA,0,NA,0,NA,NA,NA,NA,NA
1988,1,2,6,2107,2059,2243,2229,PI,951,NA,96,90,NA,14,8,LGA,GSO,461,NA,NA,0,NA,0,NA,NA,NA,NA,NA
1988,1,3,7,2308,2059,106,2229,PI,951,NA,118,90,NA,157,129,LGA,GSO,461,NA,NA,0,NA,0,NA,NA,NA,NA,NA
1988,1,4,1,2203,2059,2338,2229,PI,951,NA,95,90,NA,69,64,LGA,GSO,461,NA,NA,0,NA,0,NA,NA,NA,NA,NA
1988,1,5,2,2103,2059,2236,2229,PI,951,NA,93,90,NA,7,4,LGA,GSO,461,NA,NA,0,NA,0,NA,NA,NA,NA,NA
1988,1,6,3,2101,2059,2234,2229,PI,951,NA,93,90,NA,5,2,LGA,GSO,461,NA,NA,0,NA,0,NA,NA,NA,NA,NA
1988,1,7,4,NA,2059,NA,2229,PI,951,NA,NA,90,NA,NA,NA,LGA,GSO,461,NA,NA,1,NA,0,NA,NA,NA,NA,NA
1988,1,8,5,2206,2059,2346,2229,PI,951,NA,100,90,NA,77,67,LGA,GSO,461,NA,NA,0,NA,0,NA,NA,NA,NA,NA
1988,1,10,7,2107,2059,2251,2229,PI,951,NA,104,90,NA,22,8,LGA,GSO,461,NA,NA,0,NA,0,NA,NA,NA,NA,NA
1988,1,11,1,NA,2059,NA,2229,PI,951,NA,NA,90,NA,NA,NA,LGA,GSO,461,NA,NA,1,NA,0,NA,NA,NA,NA,NA
1988,1,12,2,2103,2059,2242,2229,PI,951,NA,99,90,NA,13,4,LGA,GSO,461,NA,NA,0,NA,0,NA,NA,NA,NA,NA
1988,1,13,3,2109,2059,2344,2229,PI,951,NA,155,90,NA,75,10,LGA,GSO,461,NA,NA,0,NA,0,NA,NA,NA,NA,NA
1988,1,14,4,2101,2059,2241,2229,PI,951,NA,100,90,NA,12,2,LGA,GSO,461,NA,NA,0,NA,0,NA,NA,NA,NA,NA
1988,1,15,5,2100,2059,2232,2229,PI,951,NA,92,90,NA,3,1,LGA,GSO,461,NA,NA,0,NA,0,NA,NA,NA,NA,NA
1988,1,17,7,2102,2059,2233,2229,PI,951,NA,91,90,NA,4,3,LGA,GSO,461,NA,NA,0,NA,0,NA,NA,NA,NA,NA
1988,1,18,1,2149,2059,2321,2229,PI,951,NA,92,90,NA,52,50,LGA,GSO,461,NA,NA,0,NA,0,NA,NA,NA,NA,NA
1988,1,19,2,2110,2059,2249,2229,PI,951,NA,99,90,NA,20,11,LGA,GSO,461,NA,NA,0,NA,0,NA,NA,NA,NA,NA
1988,1,20,3,NA,2059,NA,2229,PI,951,NA,NA,90,NA,NA,NA,LGA,GSO,461,NA,NA,1,NA,0,NA,NA,NA,NA,NA
1988,1,21,4,2102,2059,2247,2229,PI,951,NA,105,90,NA,18,3,LGA,GSO,461,NA,NA,0,NA,0,NA,NA,NA,NA,NA
1988,1,22,5,2109,2059,2254,2229,PI,951,NA,105,90,NA,25,10,LGA,GSO,461,NA,NA,0,NA,0,NA,NA,NA,NA,NA
1988,1,24,7,NA,2059,NA,2229,PI,951,NA,NA,90,NA,NA,NA,LGA,GSO,461,NA,NA,1,NA,0,NA,NA,NA,NA,NA
1988,1,25,1,2214,2059,2356,2229,PI,951,NA,102,90,NA,87,75,LGA,GSO,461,NA,NA,0,NA,0,NA,NA,NA,NA,NA
1988,1,26,2,2111,2059,2240,2229,PI,951,NA,89,90,NA,11,12,LGA,GSO,461,NA,NA,0,NA,0,NA,NA,NA,NA,NA
1988,1,27,3,2104,2059,2229,2229,PI,951,NA,85,90,NA,0,5,LGA,GSO,461,NA,NA,0,NA,0,NA,NA,NA,NA,NA
1988,1,28,4,2106,2059,2231,2229,PI,951,NA,85,90,NA,2,7,LGA,GSO,461,NA,NA,0,NA,0,NA,NA,NA,NA,NA
1988,1,29,5,2059,2059,2225,2229,PI,951,NA,86,90,NA,-4,0,LGA,GSO,461,NA,NA,0,NA,0,NA,NA,NA,NA,NA
1988,1,31,7,2059,2059,2235,2229,PI,951,NA,96,90,NA,6,0,LGA,GSO,461,NA,NA,0,NA,0,NA,NA,NA,NA,NA
1988,1,1,5,1707,1710,1833,1825,PI,953,NA,86,75,NA,8,-3,JFK,BUF,301,NA,NA,0,NA,0,NA,NA,NA,NA,NA
1988,1,2,6,1707,1710,1826,1825,PI,953,NA,79,75,NA,1,-3,JFK,BUF,301,NA,NA,0,NA,0,NA,NA,NA,NA,NA
1988,1,3,7,1709,1710,1830,1825,PI,953,NA,81,75,NA,5,-1,JFK,BUF,301,NA,NA,0,NA,0,NA,NA,NA,NA,NA
1988,1,4,1,1819,1710,2019,1825,PI,953,NA,120,75,NA,114,69,JFK,BUF,301,NA,NA,0,NA,0,NA,NA,NA,NA,NA
1988,1,5,2,1710,1710,1828,1825,PI,953,NA,78,75,NA,3,0,JFK,BUF,301,NA,NA,0,NA,0,NA,NA,NA,NA,NA
1988,1,6,3,1710,1710,1832,1825,PI,953,NA,82,75,NA,7,0,JFK,BUF,301,NA,NA,0,NA,0,NA,NA,NA,NA,NA
1988,1,7,4,1712,1710,1823,1825,PI,953,NA,71,75,NA,-2,2,JFK,BUF,301,NA,NA,0,NA,0,NA,NA,NA,NA,NA
1988,1,8,5,NA,1710,NA,1825,PI,953,NA,NA,75,NA,NA,NA,JFK,BUF,301,NA,NA,1,NA,0,NA,NA,NA,NA,NA
1988,1,9,6,1708,1710,1824,1825,PI,953,NA,76,75,NA,-1,-2,JFK,BUF,301,NA,NA,0,NA,0,NA,NA,NA,NA,NA
1988,1,10,7,1738,1710,1909,1825,PI,953,NA,91,75,NA,44,28,JFK,BUF,301,NA,NA,0,NA,0,NA,NA,NA,NA,NA
1988,1,11,1,1709,1710,1833,1825,PI,953,NA,84,75,NA,8,-1,JFK,BUF,301,NA,NA,0,NA,0,NA,NA,NA,NA,NA
1988,1,12,2,1714,1710,1837,1825,PI,953,NA,83,75,NA,12,4,JFK,BUF,301,NA,NA,0,NA,0,NA,NA,NA,NA,NA
1988,1,13,3,1708,1710,1826,1825,PI,953,NA,78,75,NA,1,-2,JFK,BUF,301,NA,NA,0,NA,0,NA,NA,NA,NA,NA
1988,1,14,4,1723,1710,1840,1825,PI,953,NA,77,75,NA,15,13,JFK,BUF,301,NA,NA,0,NA,0,NA,NA,NA,NA,NA
1988,1,15,5,1716,1710,1835,1825,PI,953,NA,79,75,NA,10,6,JFK,BUF,301,NA,NA,0,NA,0,NA,NA,NA,NA,NA
1988,1,16,6,1708,1710,1821,1825,PI,953,NA,73,75,NA,-4,-2,JFK,BUF,301,NA,NA,0,NA,0,NA,NA,NA,NA,NA
1988,1,17,7,1709,1710,1826,1825,PI,953,NA,77,75,NA,1,-1,JFK,BUF,301,NA,NA,0,NA,0,NA,NA,NA,NA,NA
1988,1,18,1,1712,1710,1838,1825,PI,953,NA,86,75,NA,13,2,JFK,BUF,301,NA,NA,0,NA,0,NA,NA,NA,NA,NA
1988,1,19,2,1715,1710,1824,1825,PI,953,NA,69,75,NA,-1,5,JFK,BUF,301,NA,NA,0,NA,0,NA,NA,NA,NA,NA
1988,1,20,3,1711,1710,1835,1825,PI,953,NA,84,75,NA,10,1,JFK,BUF,301,NA,NA,0,NA,0,NA,NA,NA,NA,NA
1988,1,21,4,1713,1710,1834,1825,PI,953,NA,81,75,NA,9,3,JFK,BUF,301,NA,NA,0,NA,0,NA,NA,NA,NA,NA
1988,1,22,5,1709,1710,1837,1825,PI,953,NA,88,75,NA,12,-1,JFK,BUF,301,NA,NA,0,NA,0,NA,NA,NA,NA,NA
1988,1,23,6,1708,1710,1823,1825,PI,953,NA,75,75,NA,-2,-2,JFK,BUF,301,NA,NA,0,NA,0,NA,NA,NA,NA,NA
1988,1,24,7,1709,1710,1824,1825,PI,953,NA,75,75,NA,-1,-1,JFK,BUF,301,NA,NA,0,NA,0,NA,NA,NA,NA,NA
1988,1,25,1,1752,1710,1918,1825,PI,953,NA,86,75,NA,53,42,JFK,BUF,301,NA,NA,0,NA,0,NA,NA,NA,NA,NA
1988,1,26,2,1713,1710,1832,1825,PI,953,NA,79,75,NA,7,3,JFK,BUF,301,NA,NA,0,NA,0,NA,NA,NA,NA,NA
1988,1,27,3,1709,1710,1827,1825,PI,953,NA,78,75,NA,2,-1,JFK,BUF,301,NA,NA,0,NA,0,NA,NA,NA,NA,NA
1988,1,28,4,1708,1710,1823,1825,PI,953,NA,75,75,NA,-2,-2,JFK,BUF,301,NA,NA,0,NA,0,NA,NA,NA,NA,NA
1988,1,29,5,1709,1710,1819,1825,PI,953,NA,70,75,NA,-6,-1,JFK,BUF,301,NA,NA,0,NA,0,NA,NA,NA,NA,NA
1988,1,30,6,1707,1710,1824,1825,PI,953,NA,77,75,NA,-1,-3,JFK,BUF,301,NA,NA,0,NA,0,NA,NA,NA,NA,NA
1988,1,31,7,1707,1710,1813,1825,PI,953,NA,66,75,NA,-12,-3,JFK,BUF,301,NA,NA,0,NA,0,NA,NA,NA,NA,NA
1988,1,6,3,2108,2055,2206,2155,PI,954,NA,58,60,NA,11,13,BWI,JFK,184,NA,NA,0,NA,0,NA,NA,NA,NA,NA
1988,1,7,4,2119,2055,2244,2155,PI,954,NA,85,60,NA,49,24,BWI,JFK,184,NA,NA,0,NA,0,NA,NA,NA,NA,NA
1988,1,8,5,NA,2055,NA,2155,PI,954,NA,NA,60,NA,NA,NA,BWI,JFK,184,NA,NA,1,NA,0,NA,NA,NA,NA,NA
1988,1,9,6,2051,2055,2140,2155,PI,954,NA,49,60,NA,-15,-4,BWI,JFK,184,NA,NA,0,NA,0,NA,NA,NA,NA,NA
1988,1,10,7,2057,2055,2158,2155,PI,954,NA,61,60,NA,3,2,BWI,JFK,184,NA,NA,0,NA,0,NA,NA,NA,NA,NA
1988,1,11,1,2054,2055,2158,2155,PI,954,NA,64,60,NA,3,-1,BWI,JFK,184,NA,NA,0,NA,0,NA,NA,NA,NA,NA
1988,1,12,2,2057,2055,2159,2155,PI,954,NA,62,60,NA,4,2,BWI,JFK,184,NA,NA,0,NA,0,NA,NA,NA,NA,NA
1988,1,13,3,2154,2055,2246,2155,PI,954,NA,52,60,NA,51,59,BWI,JFK,184,NA,NA,0,NA,0,NA,NA,NA,NA,NA
1988,1,14,4,2057,2055,2201,2155,PI,954,NA,64,60,NA,6,2,BWI,JFK,184,NA,NA,0,NA,0,NA,NA,NA,NA,NA
1988,1,15,5,2056,2055,2148,2155,PI,954,NA,52,60,NA,-7,1,BWI,JFK,184,NA,NA,0,NA,0,NA,NA,NA,NA,NA
1988,1,16,6,2056,2055,2148,2155,PI,954,NA,52,60,NA,-7,1,BWI,JFK,184,NA,NA,0,NA,0,NA,NA,NA,NA,NA
1988,1,17,7,2054,2055,2210,2155,PI,954,NA,76,60,NA,15,-1,BWI,JFK,184,NA,NA,0,NA,0,NA,NA,NA,NA,NA
1988,1,18,1,2213,2055,2305,2155,PI,954,NA,52,60,NA,70,78,BWI,JFK,184,NA,NA,0,NA,0,NA,NA,NA,NA,NA
1988,1,19,2,2055,2055,2207,2155,PI,954,NA,72,60,NA,12,0,BWI,JFK,184,NA,NA,0,NA,0,NA,NA,NA,NA,NA
1988,1,20,3,2119,2055,2210,2155,PI,954,NA,51,60,NA,15,24,BWI,JFK,184,NA,NA,0,NA,0,NA,NA,NA,NA,NA
1988,1,21,4,2052,2055,2156,2155,PI,954,NA,64,60,NA,1,-3,BWI,JFK,184,NA,NA,0,NA,0,NA,NA,NA,NA,NA
1988,1,22,5,2055,2055,2159,2155,PI,954,NA,64,60,NA,4,0,BWI,JFK,184,NA,NA,0,NA,0,NA,NA,NA,NA,NA
1988,1,23,6,2054,2055,2156,2155,PI,954,NA,62,60,NA,1,-1,BWI,JFK,184,NA,NA,0,NA,0,NA,NA,NA,NA,NA
1988,1,24,7,2058,2055,2215,2155,PI,954,NA,77,60,NA,20,3,BWI,JFK,184,NA,NA,0,NA,0,NA,NA,NA,NA,NA
1988,1,26,2,2052,2055,2200,2155,PI,954,NA,68,60,NA,5,-3,BWI,JFK,184,NA,NA,0,NA,0,NA,NA,NA,NA,NA
1988,1,27,3,2053,2055,2208,2155,PI,954,NA,75,60,NA,13,-2,BWI,JFK,184,NA,NA,0,NA,0,NA,NA,NA,NA,NA
1988,1,28,4,2101,2055,2207,2155,PI,954,NA,66,60,NA,12,6,BWI,JFK,184,NA,NA,0,NA,0,NA,NA,NA,NA,NA
1988,1,29,5,2056,2055,2210,2155,PI,954,NA,74,60,NA,15,1,BWI,JFK,184,NA,NA,0,NA,0,NA,NA,NA,NA,NA
1988,1,30,6,2058,2055,2157,2155,PI,954,NA,59,60,NA,2,3,BWI,JFK,184,NA,NA,0,NA,0,NA,NA,NA,NA,NA
1988,1,31,7,2057,2055,2209,2155,PI,954,NA,72,60,NA,14,2,BWI,JFK,184,NA,NA,0,NA,0,NA,NA,NA,NA,NA
1988,1,6,3,1850,1850,2007,1955,PI,954,NA,77,65,NA,12,0,GSO,BWI,278,NA,NA,0,NA,0,NA,NA,NA,NA,NA
1988,1,7,4,1921,1850,2028,1955,PI,954,NA,67,65,NA,33,31,GSO,BWI,278,NA,NA,0,NA,0,NA,NA,NA,NA,NA
1988,1,8,5,NA,1850,NA,1955,PI,954,NA,NA,65,NA,NA,NA,GSO,BWI,278,NA,NA,1,NA,0,NA,NA,NA,NA,NA
1988,1,9,6,1850,1850,1951,1955,PI,954,NA,61,65,NA,-4,0,GSO,BWI,278,NA,NA,0,NA,0,NA,NA,NA,NA,NA
1988,1,10,7,1850,1850,1951,1955,PI,954,NA,61,65,NA,-4,0,GSO,BWI,278,NA,NA,0,NA,0,NA,NA,NA,NA,NA
1988,1,11,1,1851,1850,1953,1955,PI,954,NA,62,65,NA,-2,1,GSO,BWI,278,NA,NA,0,NA,0,NA,NA,NA,NA,NA
1988,1,12,2,1849,1850,1945,1955,PI,954,NA,56,65,NA,-10,-1,GSO,BWI,278,NA,NA,0,NA,0,NA,NA,NA,NA,NA
1988,1,13,3,1853,1850,1954,1955,PI,954,NA,61,65,NA,-1,3,GSO,BWI,278,NA,NA,0,NA,0,NA,NA,NA,NA,NA
1988,1,14,4,1854,1850,2001,1955,PI,954,NA,67,65,NA,6,4,GSO,BWI,278,NA,NA,0,NA,0,NA,NA,NA,NA,NA
1988,1,15,5,1904,1850,2008,1955,PI,954,NA,64,65,NA,13,14,GSO,BWI,278,NA,NA,0,NA,0,NA,NA,NA,NA,NA
1988,1,16,6,1847,1850,2000,1955,PI,954,NA,73,65,NA,5,-3,GSO,BWI,278,NA,NA,0,NA,0,NA,NA,NA,NA,NA
1988,1,17,7,1847,1850,2006,1955,PI,954,NA,79,65,NA,11,-3,GSO,BWI,278,NA,NA,0,NA,0,NA,NA,NA,NA,NA
1988,1,18,1,2035,1850,2135,1955,PI,954,NA,60,65,NA,100,105,GSO,BWI,278,NA,NA,0,NA,0,NA,NA,NA,NA,NA
1988,1,19,2,1850,1850,2002,1955,PI,954,NA,72,65,NA,7,0,GSO,BWI,278,NA,NA,0,NA,0,NA,NA,NA,NA,NA
1988,1,20,3,1910,1850,2012,1955,PI,954,NA,62,65,NA,17,20,GSO,BWI,278,NA,NA,0,NA,0,NA,NA,NA,NA,NA
1988,1,21,4,1847,1850,1950,1955,PI,954,NA,63,65,NA,-5,-3,GSO,BWI,278,NA,NA,0,NA,0,NA,NA,NA,NA,NA
1988,1,22,5,1852,1850,1959,1955,PI,954,NA,67,65,NA,4,2,GSO,BWI,278,NA,NA,0,NA,0,NA,NA,NA,NA,NA
1988,1,23,6,1846,1850,1942,1955,PI,954,NA,56,65,NA,-13,-4,GSO,BWI,278,NA,NA,0,NA,0,NA,NA,NA,NA,NA
1988,1,24,7,1854,1850,2001,1955,PI,954,NA,67,65,NA,6,4,GSO,BWI,278,NA,NA,0,NA,0,NA,NA,NA,NA,NA
1988,1,26,2,1848,1850,1944,1955,PI,954,NA,56,65,NA,-11,-2,GSO,BWI,278,NA,NA,0,NA,0,NA,NA,NA,NA,NA
1988,1,27,3,1852,1850,1949,1955,PI,954,NA,57,65,NA,-6,2,GSO,BWI,278,NA,NA,0,NA,0,NA,NA,NA,NA,NA
1988,1,28,4,1848,1850,1959,1955,PI,954,NA,71,65,NA,4,-2,GSO,BWI,278,NA,NA,0,NA,0,NA,NA,NA,NA,NA
1988,1,29,5,1847,1850,1944,1955,PI,954,NA,57,65,NA,-11,-3,GSO,BWI,278,NA,NA,0,NA,0,NA,NA,NA,NA,NA
1988,1,30,6,1849,1850,2009,1955,PI,954,NA,80,65,NA,14,-1,GSO,BWI,278,NA,NA,0,NA,0,NA,NA,NA,NA,NA
1988,1,31,7,1849,1850,2010,1955,PI,954,NA,81,65,NA,15,-1,GSO,BWI,278,NA,NA,0,NA,0,NA,NA,NA,NA,NA
1988,1,2,6,1858,1855,1959,1950,PI,955,NA,61,55,NA,9,3,ISP,SYR,222,NA,NA,0,NA,0,NA,NA,NA,NA,NA
1988,1,3,7,1918,1855,2007,1950,PI,955,NA,49,55,NA,17,23,ISP,SYR,222,NA,NA,0,NA,0,NA,NA,NA,NA,NA
1988,1,4,1,1859,1855,1957,1950,PI,955,NA,58,55,NA,7,4,ISP,SYR,222,NA,NA,0,NA,0,NA,NA,NA,NA,NA
1988,1,5,2,1854,1855,1946,1950,PI,955,NA,52,55,NA,-4,-1,ISP,SYR,222,NA,NA,0,NA,0,NA,NA,NA,NA,NA
1988,1,6,3,1855,1855,1950,1950,PI,955,NA,55,55,NA,0,0,ISP,SYR,222,NA,NA,0,NA,0,NA,NA,NA,NA,NA
1988,1,7,4,1859,1855,1951,1950,PI,955,NA,52,55,NA,1,4,ISP,SYR,222,NA,NA,0,NA,0,NA,NA,NA,NA,NA
1988,1,8,5,1901,1855,1959,1950,PI,955,NA,58,55,NA,9,6,ISP,SYR,222,NA,NA,0,NA,0,NA,NA,NA,NA,NA
1988,1,10,7,1855,1855,1943,1950,PI,955,NA,48,55,NA,-7,0,ISP,SYR,222,NA,NA,0,NA,0,NA,NA,NA,NA,NA
1988,1,11,1,1850,1855,1940,1950,PI,955,NA,50,55,NA,-10,-5,ISP,SYR,222,NA,NA,0,NA,0,NA,NA,NA,NA,NA
1988,1,12,2,1855,1855,2003,1950,PI,955,NA,68,55,NA,13,0,ISP,SYR,222,NA,NA,0,NA,0,NA,NA,NA,NA,NA
1988,1,13,3,1853,1855,1942,1950,PI,955,NA,49,55,NA,-8,-2,ISP,SYR,222,NA,NA,0,NA,0,NA,NA,NA,NA,NA
1988,1,14,4,1855,1855,1948,1950,PI,955,NA,53,55,NA,-2,0,ISP,SYR,222,NA,NA,0,NA,0,NA,NA,NA,NA,NA
1988,1,15,5,1855,1855,1948,1950,PI,955,NA,53,55,NA,-2,0,ISP,SYR,222,NA,NA,0,NA,0,NA,NA,NA,NA,NA
1988,1,17,7,1855,1855,1947,1950,PI,955,NA,52,55,NA,-3,0,ISP,SYR,222,NA,NA,0,NA,0,NA,NA,NA,NA,NA
1988,1,18,1,NA,1855,NA,1950,PI,955,NA,NA,55,NA,NA,NA,ISP,SYR,222,NA,NA,1,NA,0,NA,NA,NA,NA,NA
1988,1,19,2,1856,1855,1951,1950,PI,955,NA,55,55,NA,1,1,ISP,SYR,222,NA,NA,0,NA,0,NA,NA,NA,NA,NA
1988,1,20,3,NA,1855,NA,1950,PI,955,NA,NA,55,NA,NA,NA,ISP,SYR,222,NA,NA,1,NA,0,NA,NA,NA,NA,NA
1988,1,21,4,1855,1855,1951,1950,PI,955,NA,56,55,NA,1,0,ISP,SYR,222,NA,NA,0,NA,0,NA,NA,NA,NA,NA
1988,1,22,5,1856,1855,1946,1950,PI,955,NA,50,55,NA,-4,1,ISP,SYR,222,NA,NA,0,NA,0,NA,NA,NA,NA,NA
1988,1,24,7,1854,1855,1946,1950,PI,955,NA,52,55,NA,-4,-1,ISP,SYR,222,NA,NA,0,NA,0,NA,NA,NA,NA,NA
1988,1,25,1,1905,1855,1957,1950,PI,955,NA,52,55,NA,7,10,ISP,SYR,222,NA,NA,0,NA,0,NA,NA,NA,NA,NA
1988,1,26,2,1901,1855,2004,1950,PI,955,NA,63,55,NA,14,6,ISP,SYR,222,NA,NA,0,NA,0,NA,NA,NA,NA,NA
1988,1,27,3,1900,1855,1954,1950,PI,955,NA,54,55,NA,4,5,ISP,SYR,222,NA,NA,0,NA,0,NA,NA,NA,NA,NA
1988,1,28,4,1852,1855,1950,1950,PI,955,NA,58,55,NA,0,-3,ISP,SYR,222,NA,NA,0,NA,0,NA,NA,NA,NA,NA
1988,1,29,5,1855,1855,1948,1950,PI,955,NA,53,55,NA,-2,0,ISP,SYR,222,NA,NA,0,NA,0,NA,NA,NA,NA,NA
1988,1,31,7,1855,1855,1948,1950,PI,955,NA,53,55,NA,-2,0,ISP,SYR,222,NA,NA,0,NA,0,NA,NA,NA,NA,NA
1988,1,6,3,2037,2026,2152,2126,PI,955,NA,75,60,NA,26,11,SYR,BOS,264,NA,NA,0,NA,0,NA,NA,NA,NA,NA
1988,1,7,4,2030,2026,2126,2126,PI,955,NA,56,60,NA,0,4,SYR,BOS,264,NA,NA,0,NA,0,NA,NA,NA,NA,NA
1988,1,8,5,NA,2026,NA,2126,PI,955,NA,NA,60,NA,NA,NA,SYR,BOS,264,NA,NA,1,NA,0,NA,NA,NA,NA,NA
1988,1,10,7,2033,2026,2136,2126,PI,955,NA,63,60,NA,10,7,SYR,BOS,264,NA,NA,0,NA,0,NA,NA,NA,NA,NA
1988,1,11,1,2026,2026,2123,2126,PI,955,NA,57,60,NA,-3,0,SYR,BOS,264,NA,NA,0,NA,0,NA,NA,NA,NA,NA
1988,1,12,2,2035,2026,2135,2126,PI,955,NA,60,60,NA,9,9,SYR,BOS,264,NA,NA,0,NA,0,NA,NA,NA,NA,NA
1988,1,13,3,2046,2026,2142,2126,PI,955,NA,56,60,NA,16,20,SYR,BOS,264,NA,NA,0,NA,0,NA,NA,NA,NA,NA
1988,1,14,4,2034,2026,2132,2126,PI,955,NA,58,60,NA,6,8,SYR,BOS,264,NA,NA,0,NA,0,NA,NA,NA,NA,NA
1988,1,15,5,2025,2026,2121,2126,PI,955,NA,56,60,NA,-5,-1,SYR,BOS,264,NA,NA,0,NA,0,NA,NA,NA,NA,NA
1988,1,17,7,2024,2026,2124,2126,PI,955,NA,60,60,NA,-2,-2,SYR,BOS,264,NA,NA,0,NA,0,NA,NA,NA,NA,NA
1988,1,18,1,2109,2026,2201,2126,PI,955,NA,52,60,NA,35,43,SYR,BOS,264,NA,NA,0,NA,0,NA,NA,NA,NA,NA
1988,1,19,2,2030,2026,2127,2126,PI,955,NA,57,60,NA,1,4,SYR,BOS,264,NA,NA,0,NA,0,NA,NA,NA,NA,NA
1988,1,20,3,2039,2026,2154,2126,PI,955,NA,75,60,NA,28,13,SYR,BOS,264,NA,NA,0,NA,0,NA,NA,NA,NA,NA
1988,1,21,4,2022,2026,2123,2126,PI,955,NA,61,60,NA,-3,-4,SYR,BOS,264,NA,NA,0,NA,0,NA,NA,NA,NA,NA
1988,1,22,5,2026,2026,2137,2126,PI,955,NA,71,60,NA,11,0,SYR,BOS,264,NA,NA,0,NA,0,NA,NA,NA,NA,NA
1988,1,24,7,2027,2026,2124,2126,PI,955,NA,57,60,NA,-2,1,SYR,BOS,264,NA,NA,0,NA,0,NA,NA,NA,NA,NA
1988,1,25,1,2121,2026,2323,2126,PI,955,NA,122,60,NA,117,55,SYR,BOS,264,NA,NA,0,NA,0,NA,NA,NA,NA,NA
1988,1,26,2,2050,2026,2155,2126,PI,955,NA,65,60,NA,29,24,SYR,BOS,264,NA,NA,0,NA,0,NA,NA,NA,NA,NA
1988,1,27,3,2026,2026,2141,2126,PI,955,NA,75,60,NA,15,0,SYR,BOS,264,NA,NA,0,NA,0,NA,NA,NA,NA,NA
1988,1,28,4,2034,2026,2134,2126,PI,955,NA,60,60,NA,8,8,SYR,BOS,264,NA,NA,0,NA,0,NA,NA,NA,NA,NA
1988,1,29,5,2026,2026,2112,2126,PI,955,NA,46,60,NA,-14,0,SYR,BOS,264,NA,NA,0,NA,0,NA,NA,NA,NA,NA
1988,1,31,7,2028,2026,2121,2126,PI,955,NA,53,60,NA,-5,2,SYR,BOS,264,NA,NA,0,NA,0,NA,NA,NA,NA,NA
1988,1,2,6,2044,2027,2119,2112,PI,955,NA,35,45,NA,7,17,SYR,BTV,175,NA,NA,0,NA,0,NA,NA,NA,NA,NA
1988,1,3,7,2040,2027,2120,2112,PI,955,NA,40,45,NA,8,13,SYR,BTV,175,NA,NA,0,NA,0,NA,NA,NA,NA,NA
1988,1,4,1,2051,2027,2136,2112,PI,955,NA,45,45,NA,24,24,SYR,BTV,175,NA,NA,0,NA,0,NA,NA,NA,NA,NA
1988,1,5,2,2032,2027,2113,2112,PI,955,NA,41,45,NA,1,5,SYR,BTV,175,NA,NA,0,NA,0,NA,NA,NA,NA,NA
1988,1,1,5,1738,1737,1837,1836,PI,957,NA,59,59,NA,1,1,CLT,LEX,282,NA,NA,0,NA,0,NA,NA,NA,NA,NA
1988,1,9,6,1819,1737,1924,1836,PI,957,NA,65,59,NA,48,42,CLT,LEX,282,NA,NA,0,NA,0,NA,NA,NA,NA,NA
1988,1,16,6,1737,1737,1840,1836,PI,957,NA,63,59,NA,4,0,CLT,LEX,282,NA,NA,0,NA,0,NA,NA,NA,NA,NA
1988,1,23,6,1732,1737,1839,1836,PI,957,NA,67,59,NA,3,-5,CLT,LEX,282,NA,NA,0,NA,0,NA,NA,NA,NA,NA
1988,1,30,6,1741,1737,1842,1836,PI,957,NA,61,59,NA,6,4,CLT,LEX,282,NA,NA,0,NA,0,NA,NA,NA,NA,NA
1988,1,1,5,1616,1615,1751,1750,PI,959,NA,95,95,NA,1,1,LGA,GSO,461,NA,NA,0,NA,0,NA,NA,NA,NA,NA
1988,1,2,6,1635,1615,1817,1750,PI,959,NA,102,95,NA,27,20,LGA,GSO,461,NA,NA,0,NA,0,NA,NA,NA,NA,NA
1988,1,3,7,1735,1615,1929,1750,PI,959,NA,114,95,NA,99,80,LGA,GSO,461,NA,NA,0,NA,0,NA,NA,NA,NA,NA
1988,1,4,1,1621,1615,1826,1750,PI,959,NA,125,95,NA,36,6,LGA,GSO,461,NA,NA,0,NA,0,NA,NA,NA,NA,NA
1988,1,5,2,1615,1615,1813,1750,PI,959,NA,118,95,NA,23,0,LGA,GSO,461,NA,NA,0,NA,0,NA,NA,NA,NA,NA
1988,1,6,3,1620,1615,1757,1750,PI,959,NA,97,95,NA,7,5,LGA,GSO,461,NA,NA,0,NA,0,NA,NA,NA,NA,NA
1988,1,7,4,1635,1615,1826,1750,PI,959,NA,111,95,NA,36,20,LGA,GSO,461,NA,NA,0,NA,0,NA,NA,NA,NA,NA
1988,1,8,5,NA,1615,NA,1750,PI,959,NA,NA,95,NA,NA,NA,LGA,GSO,461,NA,NA,1,NA,0,NA,NA,NA,NA,NA
1988,1,9,6,1626,1615,1758,1750,PI,959,NA,92,95,NA,8,11,LGA,GSO,461,NA,NA,0,NA,0,NA,NA,NA,NA,NA
1988,1,10,7,1618,1615,1800,1750,PI,959,NA,102,95,NA,10,3,LGA,GSO,461,NA,NA,0,NA,0,NA,NA,NA,NA,NA
1988,1,11,1,1619,1615,1753,1750,PI,959,NA,94,95,NA,3,4,LGA,GSO,461,NA,NA,0,NA,0,NA,NA,NA,NA,NA
1988,1,12,2,1621,1615,1755,1750,PI,959,NA,94,95,NA,5,6,LGA,GSO,461,NA,NA,0,NA,0,NA,NA,NA,NA,NA
1988,1,13,3,1635,1615,1830,1750,PI,959,NA,115,95,NA,40,20,LGA,GSO,461,NA,NA,0,NA,0,NA,NA,NA,NA,NA
1988,1,14,4,1625,1615,1803,1750,PI,959,NA,98,95,NA,13,10,LGA,GSO,461,NA,NA,0,NA,0,NA,NA,NA,NA,NA
1988,1,15,5,1621,1615,1757,1750,PI,959,NA,96,95,NA,7,6,LGA,GSO,461,NA,NA,0,NA,0,NA,NA,NA,NA,NA
1988,1,16,6,1618,1615,1735,1750,PI,959,NA,77,95,NA,-15,3,LGA,GSO,461,NA,NA,0,NA,0,NA,NA,NA,NA,NA
1988,1,17,7,1616,1615,1754,1750,PI,959,NA,98,95,NA,4,1,LGA,GSO,461,NA,NA,0,NA,0,NA,NA,NA,NA,NA
1988,1,18,1,1618,1615,1747,1750,PI,959,NA,89,95,NA,-3,3,LGA,GSO,461,NA,NA,0,NA,0,NA,NA,NA,NA,NA
1988,1,19,2,1615,1615,1759,1750,PI,959,NA,104,95,NA,9,0,LGA,GSO,461,NA,NA,0,NA,0,NA,NA,NA,NA,NA
1988,1,20,3,1656,1615,1845,1750,PI,959,NA,109,95,NA,55,41,LGA,GSO,461,NA,NA,0,NA,0,NA,NA,NA,NA,NA
1988,1,21,4,1617,1615,1812,1750,PI,959,NA,115,95,NA,22,2,LGA,GSO,461,NA,NA,0,NA,0,NA,NA,NA,NA,NA
1988,1,22,5,1624,1615,1802,1750,PI,959,NA,98,95,NA,12,9,LGA,GSO,461,NA,NA,0,NA,0,NA,NA,NA,NA,NA
1988,1,23,6,1618,1615,1746,1750,PI,959,NA,88,95,NA,-4,3,LGA,GSO,461,NA,NA,0,NA,0,NA,NA,NA,NA,NA
1988,1,24,7,1618,1615,1754,1750,PI,959,NA,96,95,NA,4,3,LGA,GSO,461,NA,NA,0,NA,0,NA,NA,NA,NA,NA
1988,1,26,2,1623,1615,1755,1750,PI,959,NA,92,95,NA,5,8,LGA,GSO,461,NA,NA,0,NA,0,NA,NA,NA,NA,NA
1988,1,27,3,1617,1615,1758,1750,PI,959,NA,101,95,NA,8,2,LGA,GSO,461,NA,NA,0,NA,0,NA,NA,NA,NA,NA
1988,1,28,4,1621,1615,1753,1750,PI,959,NA,92,95,NA,3,6,LGA,GSO,461,NA,NA,0,NA,0,NA,NA,NA,NA,NA
1988,1,29,5,1619,1615,1801,1750,PI,959,NA,102,95,NA,11,4,LGA,GSO,461,NA,NA,0,NA,0,NA,NA,NA,NA,NA
1988,1,30,6,1618,1615,1743,1750,PI,959,NA,85,95,NA,-7,3,LGA,GSO,461,NA,NA,0,NA,0,NA,NA,NA,NA,NA
1988,1,31,7,1615,1615,1744,1750,PI,959,NA,89,95,NA,-6,0,LGA,GSO,461,NA,NA,0,NA,0,NA,NA,NA,NA,NA
1988,1,1,5,1006,1002,1111,1116,PI,960,NA,65,74,NA,-5,4,BWI,BDL,283,NA,NA,0,NA,0,NA,NA,NA,NA,NA
1988,1,3,7,1001,1002,1108,1116,PI,960,NA,67,74,NA,-8,-1,BWI,BDL,283,NA,NA,0,NA,0,NA,NA,NA,NA,NA
1988,1,5,2,1011,1002,1122,1116,PI,960,NA,71,74,NA,6,9,BWI,BDL,283,NA,NA,0,NA,0,NA,NA,NA,NA,NA
1988,1,6,3,1009,1002,1108,1116,PI,960,NA,59,74,NA,-8,7,BWI,BDL,283,NA,NA,0,NA,0,NA,NA,NA,NA,NA
1988,1,7,4,NA,1002,NA,1116,PI,960,NA,NA,74,NA,NA,NA,BWI,BDL,283,NA,NA,1,NA,0,NA,NA,NA,NA,NA
1988,1,8,5,NA,1002,NA,1116,PI,960,NA,NA,74,NA,NA,NA,BWI,BDL,283,NA,NA,1,NA,0,NA,NA,NA,NA,NA
1988,1,9,6,1047,1002,1156,1116,PI,960,NA,69,74,NA,40,45,BWI,BDL,283,NA,NA,0,NA,0,NA,NA,NA,NA,NA
1988,1,10,7,1000,1002,1052,1116,PI,960,NA,52,74,NA,-24,-2,BWI,BDL,283,NA,NA,0,NA,0,NA,NA,NA,NA,NA
1988,1,11,1,1011,1002,1108,1116,PI,960,NA,57,74,NA,-8,9,BWI,BDL,283,NA,NA,0,NA,0,NA,NA,NA,NA,NA
1988,1,12,2,1004,1002,1102,1116,PI,960,NA,58,74,NA,-14,2,BWI,BDL,283,NA,NA,0,NA,0,NA,NA,NA,NA,NA
1988,1,13,3,1013,1002,1122,1116,PI,960,NA,69,74,NA,6,11,BWI,BDL,283,NA,NA,0,NA,0,NA,NA,NA,NA,NA
1988,1,14,4,1009,1002,1108,1116,PI,960,NA,59,74,NA,-8,7,BWI,BDL,283,NA,NA,0,NA,0,NA,NA,NA,NA,NA
1988,1,15,5,NA,1002,NA,1116,PI,960,NA,NA,74,NA,NA,NA,BWI,BDL,283,NA,NA,1,NA,0,NA,NA,NA,NA,NA
1988,1,16,6,1004,1002,1110,1116,PI,960,NA,66,74,NA,-6,2,BWI,BDL,283,NA,NA,0,NA,0,NA,NA,NA,NA,NA
1988,1,17,7,1006,1002,1110,1116,PI,960,NA,64,74,NA,-6,4,BWI,BDL,283,NA,NA,0,NA,0,NA,NA,NA,NA,NA
1988,1,18,1,1119,1002,1234,1116,PI,960,NA,75,74,NA,78,77,BWI,BDL,283,NA,NA,0,NA,0,NA,NA,NA,NA,NA
1988,1,19,2,1003,1002,1104,1116,PI,960,NA,61,74,NA,-12,1,BWI,BDL,283,NA,NA,0,NA,0,NA,NA,NA,NA,NA
1988,1,20,3,1008,1002,1123,1116,PI,960,NA,75,74,NA,7,6,BWI,BDL,283,NA,NA,0,NA,0,NA,NA,NA,NA,NA
1988,1,21,4,1116,1002,1208,1116,PI,960,NA,52,74,NA,52,74,BWI,BDL,283,NA,NA,0,NA,0,NA,NA,NA,NA,NA
1988,1,22,5,1005,1002,1108,1116,PI,960,NA,63,74,NA,-8,3,BWI,BDL,283,NA,NA,0,NA,0,NA,NA,NA,NA,NA
1988,1,23,6,959,1002,1051,1116,PI,960,NA,52,74,NA,-25,-3,BWI,BDL,283,NA,NA,0,NA,0,NA,NA,NA,NA,NA
1988,1,24,7,1005,1002,1106,1116,PI,960,NA,61,74,NA,-10,3,BWI,BDL,283,NA,NA,0,NA,0,NA,NA,NA,NA,NA
1988,1,25,1,959,1002,1101,1116,PI,960,NA,62,74,NA,-15,-3,BWI,BDL,283,NA,NA,0,NA,0,NA,NA,NA,NA,NA
1988,1,26,2,1036,1002,1140,1116,PI,960,NA,64,74,NA,24,34,BWI,BDL,283,NA,NA,0,NA,0,NA,NA,NA,NA,NA
1988,1,27,3,1007,1002,1108,1116,PI,960,NA,61,74,NA,-8,5,BWI,BDL,283,NA,NA,0,NA,0,NA,NA,NA,NA,NA
1988,1,28,4,1000,1002,1057,1116,PI,960,NA,57,74,NA,-19,-2,BWI,BDL,283,NA,NA,0,NA,0,NA,NA,NA,NA,NA
1988,1,29,5,1001,1002,1100,1116,PI,960,NA,59,74,NA,-16,-1,BWI,BDL,283,NA,NA,0,NA,0,NA,NA,NA,NA,NA
1988,1,30,6,958,1002,1059,1116,PI,960,NA,61,74,NA,-17,-4,BWI,BDL,283,NA,NA,0,NA,0,NA,NA,NA,NA,NA
1988,1,31,7,1002,1002,1058,1116,PI,960,NA,56,74,NA,-18,0,BWI,BDL,283,NA,NA,0,NA,0,NA,NA,NA,NA,NA
1988,1,1,5,704,705,758,807,PI,960,NA,54,62,NA,-9,-1,CHS,ORF,351,NA,NA,0,NA,0,NA,NA,NA,NA,NA
1988,1,3,7,705,705,809,807,PI,960,NA,64,62,NA,2,0,CHS,ORF,351,NA,NA,0,NA,0,NA,NA,NA,NA,NA
1988,1,4,1,707,705,806,807,PI,960,NA,59,62,NA,-1,2,CHS,ORF,351,NA,NA,0,NA,0,NA,NA,NA,NA,NA
1988,1,5,2,702,705,755,807,PI,960,NA,53,62,NA,-12,-3,CHS,ORF,351,NA,NA,0,NA,0,NA,NA,NA,NA,NA
1988,1,6,3,704,705,802,807,PI,960,NA,58,62,NA,-5,-1,CHS,ORF,351,NA,NA,0,NA,0,NA,NA,NA,NA,NA
1988,1,7,4,711,705,808,807,PI,960,NA,57,62,NA,1,6,CHS,ORF,351,NA,NA,0,NA,0,NA,NA,NA,NA,NA
1988,1,8,5,730,705,829,807,PI,960,NA,59,62,NA,22,25,CHS,ORF,351,NA,NA,0,NA,0,NA,NA,NA,NA,NA
1988,1,9,6,705,705,757,807,PI,960,NA,52,62,NA,-10,0,CHS,ORF,351,NA,NA,0,NA,0,NA,NA,NA,NA,NA
1988,1,11,1,705,705,759,807,PI,960,NA,54,62,NA,-8,0,CHS,ORF,351,NA,NA,0,NA,0,NA,NA,NA,NA,NA
1988,1,12,2,705,705,806,807,PI,960,NA,61,62,NA,-1,0,CHS,ORF,351,NA,NA,0,NA,0,NA,NA,NA,NA,NA
1988,1,13,3,706,705,801,807,PI,960,NA,55,62,NA,-6,1,CHS,ORF,351,NA,NA,0,NA,0,NA,NA,NA,NA,NA
1988,1,14,4,706,705,803,807,PI,960,NA,57,62,NA,-4,1,CHS,ORF,351,NA,NA,0,NA,0,NA,NA,NA,NA,NA
1988,1,15,5,NA,705,NA,807,PI,960,NA,NA,62,NA,NA,NA,CHS,ORF,351,NA,NA,1,NA,0,NA,NA,NA,NA,NA
1988,1,16,6,703,705,805,807,PI,960,NA,62,62,NA,-2,-2,CHS,ORF,351,NA,NA,0,NA,0,NA,NA,NA,NA,NA
1988,1,18,1,707,705,808,807,PI,960,NA,61,62,NA,1,2,CHS,ORF,351,NA,NA,0,NA,0,NA,NA,NA,NA,NA
1988,1,19,2,715,705,815,807,PI,960,NA,60,62,NA,8,10,CHS,ORF,351,NA,NA,0,NA,0,NA,NA,NA,NA,NA
1988,1,20,3,707,705,806,807,PI,960,NA,59,62,NA,-1,2,CHS,ORF,351,NA,NA,0,NA,0,NA,NA,NA,NA,NA
1988,1,21,4,706,705,804,807,PI,960,NA,58,62,NA,-3,1,CHS,ORF,351,NA,NA,0,NA,0,NA,NA,NA,NA,NA
1988,1,22,5,707,705,759,807,PI,960,NA,52,62,NA,-8,2,CHS,ORF,351,NA,NA,0,NA,0,NA,NA,NA,NA,NA
1988,1,23,6,704,705,754,807,PI,960,NA,50,62,NA,-13,-1,CHS,ORF,351,NA,NA,0,NA,0,NA,NA,NA,NA,NA
1988,1,25,1,703,705,759,807,PI,960,NA,56,62,NA,-8,-2,CHS,ORF,351,NA,NA,0,NA,0,NA,NA,NA,NA,NA
1988,1,26,2,715,705,809,807,PI,960,NA,54,62,NA,2,10,CHS,ORF,351,NA,NA,0,NA,0,NA,NA,NA,NA,NA
1988,1,27,3,705,705,807,807,PI,960,NA,62,62,NA,0,0,CHS,ORF,351,NA,NA,0,NA,0,NA,NA,NA,NA,NA
1988,1,28,4,707,705,804,807,PI,960,NA,57,62,NA,-3,2,CHS,ORF,351,NA,NA,0,NA,0,NA,NA,NA,NA,NA
1988,1,29,5,705,705,808,807,PI,960,NA,63,62,NA,1,0,CHS,ORF,351,NA,NA,0,NA,0,NA,NA,NA,NA,NA
1988,1,30,6,706,705,805,807,PI,960,NA,59,62,NA,-2,1,CHS,ORF,351,NA,NA,0,NA,0,NA,NA,NA,NA,NA
1988,1,1,5,830,835,911,924,PI,960,NA,41,49,NA,-13,-5,ORF,BWI,159,NA,NA,0,NA,0,NA,NA,NA,NA,NA
1988,1,2,6,831,835,931,924,PI,960,NA,60,49,NA,7,-4,ORF,BWI,159,NA,NA,0,NA,0,NA,NA,NA,NA,NA
1988,1,3,7,836,835,932,924,PI,960,NA,56,49,NA,8,1,ORF,BWI,159,NA,NA,0,NA,0,NA,NA,NA,NA,NA
1988,1,5,2,832,835,926,924,PI,960,NA,54,49,NA,2,-3,ORF,BWI,159,NA,NA,0,NA,0,NA,NA,NA,NA,NA
1988,1,6,3,833,835,923,924,PI,960,NA,50,49,NA,-1,-2,ORF,BWI,159,NA,NA,0,NA,0,NA,NA,NA,NA,NA
1988,1,7,4,NA,835,NA,924,PI,960,NA,NA,49,NA,NA,NA,ORF,BWI,159,NA,NA,1,NA,0,NA,NA,NA,NA,NA
1988,1,8,5,903,835,NA,924,PI,960,NA,NA,49,NA,NA,28,ORF,BWI,159,NA,NA,0,NA,1,NA,NA,NA,NA,NA
1988,1,9,6,836,835,937,924,PI,960,NA,61,49,NA,13,1,ORF,BWI,159,NA,NA,0,NA,0,NA,NA,NA,NA,NA
1988,1,10,7,834,835,920,924,PI,960,NA,46,49,NA,-4,-1,ORF,BWI,159,NA,NA,0,NA,0,NA,NA,NA,NA,NA
1988,1,11,1,835,835,926,924,PI,960,NA,51,49,NA,2,0,ORF,BWI,159,NA,NA,0,NA,0,NA,NA,NA,NA,NA
1988,1,12,2,832,835,926,924,PI,960,NA,54,49,NA,2,-3,ORF,BWI,159,NA,NA,0,NA,0,NA,NA,NA,NA,NA
1988,1,13,3,834,835,931,924,PI,960,NA,57,49,NA,7,-1,ORF,BWI,159,NA,NA,0,NA,0,NA,NA,NA,NA,NA
1988,1,14,4,832,835,926,924,PI,960,NA,54,49,NA,2,-3,ORF,BWI,159,NA,NA,0,NA,0,NA,NA,NA,NA,NA
1988,1,15,5,NA,835,NA,924,PI,960,NA,NA,49,NA,NA,NA,ORF,BWI,159,NA,NA,1,NA,0,NA,NA,NA,NA,NA
1988,1,16,6,832,835,926,924,PI,960,NA,54,49,NA,2,-3,ORF,BWI,159,NA,NA,0,NA,0,NA,NA,NA,NA,NA
1988,1,17,7,832,835,921,924,PI,960,NA,49,49,NA,-3,-3,ORF,BWI,159,NA,NA,0,NA,0,NA,NA,NA,NA,NA
1988,1,18,1,1008,835,1102,924,PI,960,NA,54,49,NA,98,93,ORF,BWI,159,NA,NA,0,NA,0,NA,NA,NA,NA,NA
1988,1,19,2,835,835,923,924,PI,960,NA,48,49,NA,-1,0,ORF,BWI,159,NA,NA,0,NA,0,NA,NA,NA,NA,NA
1988,1,20,3,851,835,943,924,PI,960,NA,52,49,NA,19,16,ORF,BWI,159,NA,NA,0,NA,0,NA,NA,NA,NA,NA
1988,1,21,4,1010,835,1058,924,PI,960,NA,48,49,NA,94,95,ORF,BWI,159,NA,NA,0,NA,0,NA,NA,NA,NA,NA
1988,1,22,5,833,835,926,924,PI,960,NA,53,49,NA,2,-2,ORF,BWI,159,NA,NA,0,NA,0,NA,NA,NA,NA,NA
1988,1,23,6,833,835,923,924,PI,960,NA,50,49,NA,-1,-2,ORF,BWI,159,NA,NA,0,NA,0,NA,NA,NA,NA,NA
1988,1,24,7,831,835,920,924,PI,960,NA,49,49,NA,-4,-4,ORF,BWI,159,NA,NA,0,NA,0,NA,NA,NA,NA,NA
1988,1,25,1,833,835,926,924,PI,960,NA,53,49,NA,2,-2,ORF,BWI,159,NA,NA,0,NA,0,NA,NA,NA,NA,NA
1988,1,26,2,835,835,924,924,PI,960,NA,49,49,NA,0,0,ORF,BWI,159,NA,NA,0,NA,0,NA,NA,NA,NA,NA
1988,1,27,3,833,835,936,924,PI,960,NA,63,49,NA,12,-2,ORF,BWI,159,NA,NA,0,NA,0,NA,NA,NA,NA,NA
1988,1,28,4,832,835,925,924,PI,960,NA,53,49,NA,1,-3,ORF,BWI,159,NA,NA,0,NA,0,NA,NA,NA,NA,NA
1988,1,29,5,833,835,926,924,PI,960,NA,53,49,NA,2,-2,ORF,BWI,159,NA,NA,0,NA,0,NA,NA,NA,NA,NA
1988,1,30,6,833,835,924,924,PI,960,NA,51,49,NA,0,-2,ORF,BWI,159,NA,NA,0,NA,0,NA,NA,NA,NA,NA
1988,1,31,7,831,835,920,924,PI,960,NA,49,49,NA,-4,-4,ORF,BWI,159,NA,NA,0,NA,0,NA,NA,NA,NA,NA
1988,1,6,3,755,720,840,817,PI,961,NA,45,57,NA,23,35,BGM,BWI,212,NA,NA,0,NA,0,NA,NA,NA,NA,NA
1988,1,7,4,722,720,826,817,PI,961,NA,64,57,NA,9,2,BGM,BWI,212,NA,NA,0,NA,0,NA,NA,NA,NA,NA
1988,1,8,5,807,720,NA,817,PI,961,NA,NA,57,NA,NA,47,BGM,BWI,212,NA,NA,0,NA,1,NA,NA,NA,NA,NA
1988,1,9,6,720,720,835,817,PI,961,NA,75,57,NA,18,0,BGM,BWI,212,NA,NA,0,NA,0,NA,NA,NA,NA,NA
1988,1,10,7,726,720,822,817,PI,961,NA,56,57,NA,5,6,BGM,BWI,212,NA,NA,0,NA,0,NA,NA,NA,NA,NA
1988,1,11,1,724,720,819,817,PI,961,NA,55,57,NA,2,4,BGM,BWI,212,NA,NA,0,NA,0,NA,NA,NA,NA,NA
1988,1,12,2,720,720,818,817,PI,961,NA,58,57,NA,1,0,BGM,BWI,212,NA,NA,0,NA,0,NA,NA,NA,NA,NA
1988,1,13,3,722,720,838,817,PI,961,NA,76,57,NA,21,2,BGM,BWI,212,NA,NA,0,NA,0,NA,NA,NA,NA,NA
1988,1,14,4,724,720,819,817,PI,961,NA,55,57,NA,2,4,BGM,BWI,212,NA,NA,0,NA,0,NA,NA,NA,NA,NA
1988,1,15,5,721,720,820,817,PI,961,NA,59,57,NA,3,1,BGM,BWI,212,NA,NA,0,NA,0,NA,NA,NA,NA,NA
1988,1,16,6,721,720,822,817,PI,961,NA,61,57,NA,5,1,BGM,BWI,212,NA,NA,0,NA,0,NA,NA,NA,NA,NA
1988,1,17,7,724,720,824,817,PI,961,NA,60,57,NA,7,4,BGM,BWI,212,NA,NA,0,NA,0,NA,NA,NA,NA,NA
1988,1,18,1,720,720,NA,817,PI,961,NA,NA,57,NA,NA,0,BGM,BWI,212,NA,NA,0,NA,1,NA,NA,NA,NA,NA
1988,1,19,2,725,720,820,817,PI,961,NA,55,57,NA,3,5,BGM,BWI,212,NA,NA,0,NA,0,NA,NA,NA,NA,NA
1988,1,20,3,725,720,844,817,PI,961,NA,79,57,NA,27,5,BGM,BWI,212,NA,NA,0,NA,0,NA,NA,NA,NA,NA
1988,1,21,4,NA,720,NA,817,PI,961,NA,NA,57,NA,NA,NA,BGM,BWI,212,NA,NA,1,NA,0,NA,NA,NA,NA,NA
1988,1,22,5,726,720,824,817,PI,961,NA,58,57,NA,7,6,BGM,BWI,212,NA,NA,0,NA,0,NA,NA,NA,NA,NA
1988,1,23,6,724,720,822,817,PI,961,NA,58,57,NA,5,4,BGM,BWI,212,NA,NA,0,NA,0,NA,NA,NA,NA,NA
1988,1,24,7,718,720,815,817,PI,961,NA,57,57,NA,-2,-2,BGM,BWI,212,NA,NA,0,NA,0,NA,NA,NA,NA,NA
1988,1,25,1,720,720,833,817,PI,961,NA,73,57,NA,16,0,BGM,BWI,212,NA,NA,0,NA,0,NA,NA,NA,NA,NA
1988,1,26,2,NA,720,NA,817,PI,961,NA,NA,57,NA,NA,NA,BGM,BWI,212,NA,NA,1,NA,0,NA,NA,NA,NA,NA
1988,1,27,3,721,720,820,817,PI,961,NA,59,57,NA,3,1,BGM,BWI,212,NA,NA,0,NA,0,NA,NA,NA,NA,NA
1988,1,28,4,722,720,825,817,PI,961,NA,63,57,NA,8,2,BGM,BWI,212,NA,NA,0,NA,0,NA,NA,NA,NA,NA
1988,1,29,5,719,720,822,817,PI,961,NA,63,57,NA,5,-1,BGM,BWI,212,NA,NA,0,NA,0,NA,NA,NA,NA,NA
1988,1,30,6,720,720,826,817,PI,961,NA,66,57,NA,9,0,BGM,BWI,212,NA,NA,0,NA,0,NA,NA,NA,NA,NA
1988,1,31,7,719,720,825,817,PI,961,NA,66,57,NA,8,-1,BGM,BWI,212,NA,NA,0,NA,0,NA,NA,NA,NA,NA
1988,1,6,3,932,907,1013,957,PI,961,NA,41,50,NA,16,25,BWI,RIC,121,NA,NA,0,NA,0,NA,NA,NA,NA,NA
1988,1,7,4,909,907,950,957,PI,961,NA,41,50,NA,-7,2,BWI,RIC,121,NA,NA,0,NA,0,NA,NA,NA,NA,NA
1988,1,8,5,NA,907,NA,957,PI,961,NA,NA,50,NA,NA,NA,BWI,RIC,121,NA,NA,1,NA,0,NA,NA,NA,NA,NA
1988,1,9,6,936,907,1017,957,PI,961,NA,41,50,NA,20,29,BWI,RIC,121,NA,NA,0,NA,0,NA,NA,NA,NA,NA
1988,1,10,7,913,907,955,957,PI,961,NA,42,50,NA,-2,6,BWI,RIC,121,NA,NA,0,NA,0,NA,NA,NA,NA,NA
1988,1,11,1,913,907,956,957,PI,961,NA,43,50,NA,-1,6,BWI,RIC,121,NA,NA,0,NA,0,NA,NA,NA,NA,NA
1988,1,12,2,904,907,950,957,PI,961,NA,46,50,NA,-7,-3,BWI,RIC,121,NA,NA,0,NA,0,NA,NA,NA,NA,NA
1988,1,13,3,914,907,1002,957,PI,961,NA,48,50,NA,5,7,BWI,RIC,121,NA,NA,0,NA,0,NA,NA,NA,NA,NA
1988,1,14,4,907,907,949,957,PI,961,NA,42,50,NA,-8,0,BWI,RIC,121,NA,NA,0,NA,0,NA,NA,NA,NA,NA
1988,1,15,5,908,907,951,957,PI,961,NA,43,50,NA,-6,1,BWI,RIC,121,NA,NA,0,NA,0,NA,NA,NA,NA,NA
1988,1,16,6,910,907,957,957,PI,961,NA,47,50,NA,0,3,BWI,RIC,121,NA,NA,0,NA,0,NA,NA,NA,NA,NA
1988,1,17,7,910,907,951,957,PI,961,NA,41,50,NA,-6,3,BWI,RIC,121,NA,NA,0,NA,0,NA,NA,NA,NA,NA
1988,1,18,1,NA,907,NA,957,PI,961,NA,NA,50,NA,NA,NA,BWI,RIC,121,NA,NA,1,NA,0,NA,NA,NA,NA,NA
1988,1,19,2,906,907,952,957,PI,961,NA,46,50,NA,-5,-1,BWI,RIC,121,NA,NA,0,NA,0,NA,NA,NA,NA,NA
1988,1,20,3,915,907,1022,957,PI,961,NA,67,50,NA,25,8,BWI,RIC,121,NA,NA,0,NA,0,NA,NA,NA,NA,NA
1988,1,21,4,1059,907,1143,957,PI,961,NA,44,50,NA,106,112,BWI,RIC,121,NA,NA,0,NA,0,NA,NA,NA,NA,NA
1988,1,22,5,904,907,950,957,PI,961,NA,46,50,NA,-7,-3,BWI,RIC,121,NA,NA,0,NA,0,NA,NA,NA,NA,NA
1988,1,23,6,907,907,1007,957,PI,961,NA,60,50,NA,10,0,BWI,RIC,121,NA,NA,0,NA,0,NA,NA,NA,NA,NA
1988,1,24,7,910,907,959,957,PI,961,NA,49,50,NA,2,3,BWI,RIC,121,NA,NA,0,NA,0,NA,NA,NA,NA,NA
1988,1,25,1,911,907,1003,957,PI,961,NA,52,50,NA,6,4,BWI,RIC,121,NA,NA,0,NA,0,NA,NA,NA,NA,NA
1988,1,26,2,917,907,1006,957,PI,961,NA,49,50,NA,9,10,BWI,RIC,121,NA,NA,0,NA,0,NA,NA,NA,NA,NA
1988,1,27,3,924,907,1016,957,PI,961,NA,52,50,NA,19,17,BWI,RIC,121,NA,NA,0,NA,0,NA,NA,NA,NA,NA
1988,1,28,4,905,907,950,957,PI,961,NA,45,50,NA,-7,-2,BWI,RIC,121,NA,NA,0,NA,0,NA,NA,NA,NA,NA
1988,1,29,5,909,907,950,957,PI,961,NA,41,50,NA,-7,2,BWI,RIC,121,NA,NA,0,NA,0,NA,NA,NA,NA,NA
1988,1,30,6,905,907,955,957,PI,961,NA,50,50,NA,-2,-2,BWI,RIC,121,NA,NA,0,NA,0,NA,NA,NA,NA,NA
1988,1,31,7,904,907,947,957,PI,961,NA,43,50,NA,-10,-3,BWI,RIC,121,NA,NA,0,NA,0,NA,NA,NA,NA,NA
1988,1,1,5,1002,1000,1059,1103,PI,962,NA,57,63,NA,-4,2,BWI,SYR,273,NA,NA,0,NA,0,NA,NA,NA,NA,NA
1988,1,2,6,1010,1000,1110,1103,PI,962,NA,60,63,NA,7,10,BWI,SYR,273,NA,NA,0,NA,0,NA,NA,NA,NA,NA
1988,1,3,7,1018,1000,1121,1103,PI,962,NA,63,63,NA,18,18,BWI,SYR,273,NA,NA,0,NA,0,NA,NA,NA,NA,NA
1988,1,5,2,1006,1000,1111,1103,PI,962,NA,65,63,NA,8,6,BWI,SYR,273,NA,NA,0,NA,0,NA,NA,NA,NA,NA
1988,1,6,3,1034,1000,1149,1103,PI,962,NA,75,63,NA,46,34,BWI,SYR,273,NA,NA,0,NA,0,NA,NA,NA,NA,NA
1988,1,7,4,1003,1000,1102,1103,PI,962,NA,59,63,NA,-1,3,BWI,SYR,273,NA,NA,0,NA,0,NA,NA,NA,NA,NA
1988,1,8,5,NA,1000,NA,1103,PI,962,NA,NA,63,NA,NA,NA,BWI,SYR,273,NA,NA,1,NA,0,NA,NA,NA,NA,NA
1988,1,9,6,1036,1000,1139,1103,PI,962,NA,63,63,NA,36,36,BWI,SYR,273,NA,NA,0,NA,0,NA,NA,NA,NA,NA
1988,1,10,7,1009,1000,1113,1103,PI,962,NA,64,63,NA,10,9,BWI,SYR,273,NA,NA,0,NA,0,NA,NA,NA,NA,NA
1988,1,11,1,959,1000,1059,1103,PI,962,NA,60,63,NA,-4,-1,BWI,SYR,273,NA,NA,0,NA,0,NA,NA,NA,NA,NA
1988,1,12,2,NA,1000,NA,1103,PI,962,NA,NA,63,NA,NA,NA,BWI,SYR,273,NA,NA,1,NA,0,NA,NA,NA,NA,NA
1988,1,13,3,1002,1000,1100,1103,PI,962,NA,58,63,NA,-3,2,BWI,SYR,273,NA,NA,0,NA,0,NA,NA,NA,NA,NA
1988,1,15,5,957,1000,1052,1103,PI,962,NA,55,63,NA,-11,-3,BWI,SYR,273,NA,NA,0,NA,0,NA,NA,NA,NA,NA
1988,1,16,6,959,1000,1059,1103,PI,962,NA,60,63,NA,-4,-1,BWI,SYR,273,NA,NA,0,NA,0,NA,NA,NA,NA,NA
1988,1,17,7,1013,1000,1111,1103,PI,962,NA,58,63,NA,8,13,BWI,SYR,273,NA,NA,0,NA,0,NA,NA,NA,NA,NA
1988,1,18,1,NA,1000,NA,1103,PI,962,NA,NA,63,NA,NA,NA,BWI,SYR,273,NA,NA,1,NA,0,NA,NA,NA,NA,NA
1988,1,19,2,1003,1000,1110,1103,PI,962,NA,67,63,NA,7,3,BWI,SYR,273,NA,NA,0,NA,0,NA,NA,NA,NA,NA
1988,1,20,3,1014,1000,1114,1103,PI,962,NA,60,63,NA,11,14,BWI,SYR,273,NA,NA,0,NA,0,NA,NA,NA,NA,NA
1988,1,21,4,1030,1000,1128,1103,PI,962,NA,58,63,NA,25,30,BWI,SYR,273,NA,NA,0,NA,0,NA,NA,NA,NA,NA
1988,1,22,5,958,1000,1107,1103,PI,962,NA,69,63,NA,4,-2,BWI,SYR,273,NA,NA,0,NA,0,NA,NA,NA,NA,NA
1988,1,23,6,957,1000,1057,1103,PI,962,NA,60,63,NA,-6,-3,BWI,SYR,273,NA,NA,0,NA,0,NA,NA,NA,NA,NA
1988,1,24,7,958,1000,1057,1103,PI,962,NA,59,63,NA,-6,-2,BWI,SYR,273,NA,NA,0,NA,0,NA,NA,NA,NA,NA
1988,1,25,1,NA,1000,NA,1103,PI,962,NA,NA,63,NA,NA,NA,BWI,SYR,273,NA,NA,1,NA,0,NA,NA,NA,NA,NA
1988,1,26,2,1019,1000,1134,1103,PI,962,NA,75,63,NA,31,19,BWI,SYR,273,NA,NA,0,NA,0,NA,NA,NA,NA,NA
1988,1,27,3,1020,1000,1121,1103,PI,962,NA,61,63,NA,18,20,BWI,SYR,273,NA,NA,0,NA,0,NA,NA,NA,NA,NA
1988,1,28,4,958,1000,1105,1103,PI,962,NA,67,63,NA,2,-2,BWI,SYR,273,NA,NA,0,NA,0,NA,NA,NA,NA,NA
1988,1,29,5,956,1000,1100,1103,PI,962,NA,64,63,NA,-3,-4,BWI,SYR,273,NA,NA,0,NA,0,NA,NA,NA,NA,NA
1988,1,30,6,958,1000,1052,1103,PI,962,NA,54,63,NA,-11,-2,BWI,SYR,273,NA,NA,0,NA,0,NA,NA,NA,NA,NA
1988,1,31,7,956,1000,1053,1103,PI,962,NA,57,63,NA,-10,-4,BWI,SYR,273,NA,NA,0,NA,0,NA,NA,NA,NA,NA
1988,1,1,5,823,825,922,927,PI,962,NA,59,62,NA,-5,-2,GSO,BWI,278,NA,NA,0,NA,0,NA,NA,NA,NA,NA
1988,1,2,6,823,825,925,927,PI,962,NA,62,62,NA,-2,-2,GSO,BWI,278,NA,NA,0,NA,0,NA,NA,NA,NA,NA
1988,1,3,7,829,825,942,927,PI,962,NA,73,62,NA,15,4,GSO,BWI,278,NA,NA,0,NA,0,NA,NA,NA,NA,NA
1988,1,5,2,822,825,941,927,PI,962,NA,79,62,NA,14,-3,GSO,BWI,278,NA,NA,0,NA,0,NA,NA,NA,NA,NA
1988,1,6,3,824,825,945,927,PI,962,NA,81,62,NA,18,-1,GSO,BWI,278,NA,NA,0,NA,0,NA,NA,NA,NA,NA
1988,1,7,4,833,825,938,927,PI,962,NA,65,62,NA,11,8,GSO,BWI,278,NA,NA,0,NA,0,NA,NA,NA,NA,NA
1988,1,8,5,NA,825,NA,927,PI,962,NA,NA,62,NA,NA,NA,GSO,BWI,278,NA,NA,1,NA,0,NA,NA,NA,NA,NA
1988,1,9,6,829,825,933,927,PI,962,NA,64,62,NA,6,4,GSO,BWI,278,NA,NA,0,NA,0,NA,NA,NA,NA,NA
1988,1,10,7,829,825,941,927,PI,962,NA,72,62,NA,14,4,GSO,BWI,278,NA,NA,0,NA,0,NA,NA,NA,NA,NA
1988,1,11,1,824,825,926,927,PI,962,NA,62,62,NA,-1,-1,GSO,BWI,278,NA,NA,0,NA,0,NA,NA,NA,NA,NA
1988,1,12,2,NA,825,NA,927,PI,962,NA,NA,62,NA,NA,NA,GSO,BWI,278,NA,NA,1,NA,0,NA,NA,NA,NA,NA
1988,1,13,3,823,825,937,927,PI,962,NA,74,62,NA,10,-2,GSO,BWI,278,NA,NA,0,NA,0,NA,NA,NA,NA,NA
1988,1,15,5,824,825,930,927,PI,962,NA,66,62,NA,3,-1,GSO,BWI,278,NA,NA,0,NA,0,NA,NA,NA,NA,NA
1988,1,16,6,824,825,928,927,PI,962,NA,64,62,NA,1,-1,GSO,BWI,278,NA,NA,0,NA,0,NA,NA,NA,NA,NA
1988,1,17,7,822,825,918,927,PI,962,NA,56,62,NA,-9,-3,GSO,BWI,278,NA,NA,0,NA,0,NA,NA,NA,NA,NA
1988,1,19,2,823,825,933,927,PI,962,NA,70,62,NA,6,-2,GSO,BWI,278,NA,NA,0,NA,0,NA,NA,NA,NA,NA
1988,1,20,3,858,825,1000,927,PI,962,NA,62,62,NA,33,33,GSO,BWI,278,NA,NA,0,NA,0,NA,NA,NA,NA,NA
1988,1,21,4,826,825,958,927,PI,962,NA,92,62,NA,31,1,GSO,BWI,278,NA,NA,0,NA,0,NA,NA,NA,NA,NA
1988,1,22,5,823,825,925,927,PI,962,NA,62,62,NA,-2,-2,GSO,BWI,278,NA,NA,0,NA,0,NA,NA,NA,NA,NA
1988,1,23,6,825,825,923,927,PI,962,NA,58,62,NA,-4,0,GSO,BWI,278,NA,NA,0,NA,0,NA,NA,NA,NA,NA
1988,1,24,7,823,825,922,927,PI,962,NA,59,62,NA,-5,-2,GSO,BWI,278,NA,NA,0,NA,0,NA,NA,NA,NA,NA
1988,1,25,1,NA,825,NA,927,PI,962,NA,NA,62,NA,NA,NA,GSO,BWI,278,NA,NA,1,NA,0,NA,NA,NA,NA,NA
1988,1,26,2,822,825,948,927,PI,962,NA,86,62,NA,21,-3,GSO,BWI,278,NA,NA,0,NA,0,NA,NA,NA,NA,NA
1988,1,27,3,825,825,924,927,PI,962,NA,59,62,NA,-3,0,GSO,BWI,278,NA,NA,0,NA,0,NA,NA,NA,NA,NA
1988,1,28,4,822,825,929,927,PI,962,NA,67,62,NA,2,-3,GSO,BWI,278,NA,NA,0,NA,0,NA,NA,NA,NA,NA
1988,1,29,5,822,825,923,927,PI,962,NA,61,62,NA,-4,-3,GSO,BWI,278,NA,NA,0,NA,0,NA,NA,NA,NA,NA
1988,1,30,6,825,825,928,927,PI,962,NA,63,62,NA,1,0,GSO,BWI,278,NA,NA,0,NA,0,NA,NA,NA,NA,NA
1988,1,31,7,822,825,919,927,PI,962,NA,57,62,NA,-8,-3,GSO,BWI,278,NA,NA,0,NA,0,NA,NA,NA,NA,NA
1988,1,2,6,951,950,1045,1050,PI,970,NA,54,60,NA,-5,1,LGA,SYR,198,NA,NA,0,NA,0,NA,NA,NA,NA,NA
1988,1,10,7,1006,950,1059,1050,PI,970,NA,53,60,NA,9,16,LGA,SYR,198,NA,NA,0,NA,0,NA,NA,NA,NA,NA
1988,1,17,7,951,950,1040,1050,PI,970,NA,49,60,NA,-10,1,LGA,SYR,198,NA,NA,0,NA,0,NA,NA,NA,NA,NA
1988,1,24,7,950,950,1053,1050,PI,970,NA,63,60,NA,3,0,LGA,SYR,198,NA,NA,0,NA,0,NA,NA,NA,NA,NA
1988,1,31,7,954,950,1040,1050,PI,970,NA,46,60,NA,-10,4,LGA,SYR,198,NA,NA,0,NA,0,NA,NA,NA,NA,NA
1988,1,2,6,1114,1110,1141,1140,PI,970,NA,27,30,NA,1,4,SYR,ELM,77,NA,NA,0,NA,0,NA,NA,NA,NA,NA
1988,1,17,7,1106,1110,1133,1140,PI,970,NA,27,30,NA,-7,-4,SYR,ELM,77,NA,NA,0,NA,0,NA,NA,NA,NA,NA
1988,1,24,7,1109,1110,1136,1140,PI,970,NA,27,30,NA,-4,-1,SYR,ELM,77,NA,NA,0,NA,0,NA,NA,NA,NA,NA
1988,1,31,7,1107,1110,1136,1140,PI,970,NA,29,30,NA,-4,-3,SYR,ELM,77,NA,NA,0,NA,0,NA,NA,NA,NA,NA
1988,1,1,5,955,955,1028,1035,PS,1400,NA,33,40,NA,-7,0,LAX,SAN,109,NA,NA,0,NA,0,NA,NA,NA,NA,NA
1988,1,2,6,955,955,1048,1035,PS,1400,NA,53,40,NA,13,0,LAX,SAN,109,NA,NA,0,NA,0,NA,NA,NA,NA,NA
1988,1,4,1,956,955,1047,1035,PS,1400,NA,51,40,NA,12,1,LAX,SAN,109,NA,NA,0,NA,0,NA,NA,NA,NA,NA
1988,1,5,2,957,955,1057,1035,PS,1400,NA,60,40,NA,22,2,LAX,SAN,109,NA,NA,0,NA,0,NA,NA,NA,NA,NA
1988,1,6,3,NA,955,NA,1035,PS,1400,NA,NA,40,NA,NA,NA,LAX,SAN,109,NA,NA,1,NA,0,NA,NA,NA,NA,NA
1988,1,8,5,957,955,1059,1035,PS,1400,NA,62,40,NA,24,2,LAX,SAN,109,NA,NA,0,NA,0,NA,NA,NA,NA,NA
1988,1,11,1,1011,955,1049,1035,PS,1400,NA,38,40,NA,14,16,LAX,SAN,109,NA,NA,0,NA,0,NA,NA,NA,NA,NA
1988,1,12,2,956,955,1047,1035,PS,1400,NA,51,40,NA,12,1,LAX,SAN,109,NA,NA,0,NA,0,NA,NA,NA,NA,NA
1988,1,13,3,958,955,1036,1035,PS,1400,NA,38,40,NA,1,3,LAX,SAN,109,NA,NA,0,NA,0,NA,NA,NA,NA,NA
1988,1,14,4,1000,955,1047,1035,PS,1400,NA,47,40,NA,12,5,LAX,SAN,109,NA,NA,0,NA,0,NA,NA,NA,NA,NA
1988,1,15,5,1014,955,1107,1035,PS,1400,NA,53,40,NA,32,19,LAX,SAN,109,NA,NA,0,NA,0,NA,NA,NA,NA,NA
1988,1,18,1,957,955,1051,1035,PS,1400,NA,54,40,NA,16,2,LAX,SAN,109,NA,NA,0,NA,0,NA,NA,NA,NA,NA
1988,1,19,2,956,955,1045,1035,PS,1400,NA,49,40,NA,10,1,LAX,SAN,109,NA,NA,0,NA,0,NA,NA,NA,NA,NA
1988,1,1,5,659,700,926,930,PS,1400,NA,147,150,NA,-4,-1,SEA,LAX,954,NA,NA,0,NA,0,NA,NA,NA,NA,NA
1988,1,2,6,659,700,920,930,PS,1400,NA,141,150,NA,-10,-1,SEA,LAX,954,NA,NA,0,NA,0,NA,NA,NA,NA,NA
1988,1,4,1,659,700,926,930,PS,1400,NA,147,150,NA,-4,-1,SEA,LAX,954,NA,NA,0,NA,0,NA,NA,NA,NA,NA
1988,1,5,2,659,700,934,930,PS,1400,NA,155,150,NA,4,-1,SEA,LAX,954,NA,NA,0,NA,0,NA,NA,NA,NA,NA
1988,1,6,3,742,700,NA,930,PS,1400,NA,NA,150,NA,NA,42,SEA,LAX,954,NA,NA,0,NA,1,NA,NA,NA,NA,NA
1988,1,8,5,701,700,927,930,PS,1400,NA,146,150,NA,-3,1,SEA,LAX,954,NA,NA,0,NA,0,NA,NA,NA,NA,NA
1988,1,11,1,705,700,952,930,PS,1400,NA,167,150,NA,22,5,SEA,LAX,954,NA,NA,0,NA,0,NA,NA,NA,NA,NA
1988,1,12,2,659,700,914,930,PS,1400,NA,135,150,NA,-16,-1,SEA,LAX,954,NA,NA,0,NA,0,NA,NA,NA,NA,NA
1988,1,13,3,700,700,918,930,PS,1400,NA,138,150,NA,-12,0,SEA,LAX,954,NA,NA,0,NA,0,NA,NA,NA,NA,NA
1988,1,14,4,703,700,934,930,PS,1400,NA,151,150,NA,4,3,SEA,LAX,954,NA,NA,0,NA,0,NA,NA,NA,NA,NA
1988,1,15,5,NA,700,NA,930,PS,1400,NA,NA,150,NA,NA,NA,SEA,LAX,954,NA,NA,1,NA,0,NA,NA,NA,NA,NA
1988,1,18,1,700,700,911,930,PS,1400,NA,131,150,NA,-19,0,SEA,LAX,954,NA,NA,0,NA,0,NA,NA,NA,NA,NA
1988,1,1,5,806,800,900,902,PS,1404,NA,54,62,NA,-2,6,SJC,LAX,308,NA,NA,0,NA,0,NA,NA,NA,NA,NA
1988,1,3,7,800,800,855,902,PS,1404,NA,55,62,NA,-7,0,SJC,LAX,308,NA,NA,0,NA,0,NA,NA,NA,NA,NA
1988,1,4,1,803,800,905,902,PS,1404,NA,62,62,NA,3,3,SJC,LAX,308,NA,NA,0,NA,0,NA,NA,NA,NA,NA
1988,1,5,2,801,800,909,902,PS,1404,NA,68,62,NA,7,1,SJC,LAX,308,NA,NA,0,NA,0,NA,NA,NA,NA,NA
1988,1,6,3,810,800,912,902,PS,1404,NA,62,62,NA,10,10,SJC,LAX,308,NA,NA,0,NA,0,NA,NA,NA,NA,NA
1988,1,7,4,804,800,902,902,PS,1404,NA,58,62,NA,0,4,SJC,LAX,308,NA,NA,0,NA,0,NA,NA,NA,NA,NA
1988,1,8,5,805,800,915,902,PS,1404,NA,70,62,NA,13,5,SJC,LAX,308,NA,NA,0,NA,0,NA,NA,NA,NA,NA
1988,1,10,7,800,800,905,902,PS,1404,NA,65,62,NA,3,0,SJC,LAX,308,NA,NA,0,NA,0,NA,NA,NA,NA,NA
1988,1,11,1,850,800,959,902,PS,1404,NA,69,62,NA,57,50,SJC,LAX,308,NA,NA,0,NA,0,NA,NA,NA,NA,NA
1988,1,12,2,800,800,859,902,PS,1404,NA,59,62,NA,-3,0,SJC,LAX,308,NA,NA,0,NA,0,NA,NA,NA,NA,NA
1988,1,13,3,800,800,906,902,PS,1404,NA,66,62,NA,4,0,SJC,LAX,308,NA,NA,0,NA,0,NA,NA,NA,NA,NA
1988,1,14,4,759,800,858,902,PS,1404,NA,59,62,NA,-4,-1,SJC,LAX,308,NA,NA,0,NA,0,NA,NA,NA,NA,NA
1988,1,15,5,809,800,907,902,PS,1404,NA,58,62,NA,5,9,SJC,LAX,308,NA,NA,0,NA,0,NA,NA,NA,NA,NA
1988,1,17,7,759,800,919,902,PS,1404,NA,80,62,NA,17,-1,SJC,LAX,308,NA,NA,0,NA,0,NA,NA,NA,NA,NA
1988,1,18,1,800,800,901,902,PS,1404,NA,61,62,NA,-1,0,SJC,LAX,308,NA,NA,0,NA,0,NA,NA,NA,NA,NA
1988,1,19,2,800,800,901,902,PS,1404,NA,61,62,NA,-1,0,SJC,LAX,308,NA,NA,0,NA,0,NA,NA,NA,NA,NA
1988,1,2,6,755,755,902,913,PS,1405,NA,67,78,NA,-11,0,BUR,SFO,326,NA,NA,0,NA,0,NA,NA,NA,NA,NA
1988,1,3,7,753,755,900,913,PS,1405,NA,67,78,NA,-13,-2,BUR,SFO,326,NA,NA,0,NA,0,NA,NA,NA,NA,NA
1988,1,4,1,754,755,925,913,PS,1405,NA,91,78,NA,12,-1,BUR,SFO,326,NA,NA,0,NA,0,NA,NA,NA,NA,NA
1988,1,5,2,753,755,921,913,PS,1405,NA,88,78,NA,8,-2,BUR,SFO,326,NA,NA,0,NA,0,NA,NA,NA,NA,NA
1988,1,6,3,753,755,917,913,PS,1405,NA,84,78,NA,4,-2,BUR,SFO,326,NA,NA,0,NA,0,NA,NA,NA,NA,NA
1988,1,7,4,754,755,NA,930,PS,1405,NA,NA,95,NA,NA,-1,BUR,SFO,326,NA,NA,0,NA,1,NA,NA,NA,NA,NA
1988,1,8,5,753,755,916,913,PS,1405,NA,83,78,NA,3,-2,BUR,SFO,326,NA,NA,0,NA,0,NA,NA,NA,NA,NA
1988,1,9,6,755,755,914,913,PS,1405,NA,79,78,NA,1,0,BUR,SFO,326,NA,NA,0,NA,0,NA,NA,NA,NA,NA
1988,1,10,7,756,755,904,913,PS,1405,NA,68,78,NA,-9,1,BUR,SFO,326,NA,NA,0,NA,0,NA,NA,NA,NA,NA
1988,1,11,1,754,755,908,913,PS,1405,NA,74,78,NA,-5,-1,BUR,SFO,326,NA,NA,0,NA,0,NA,NA,NA,NA,NA
1988,1,12,2,753,755,900,913,PS,1405,NA,67,78,NA,-13,-2,BUR,SFO,326,NA,NA,0,NA,0,NA,NA,NA,NA,NA
1988,1,14,4,755,755,902,913,PS,1405,NA,67,78,NA,-11,0,BUR,SFO,326,NA,NA,0,NA,0,NA,NA,NA,NA,NA
1988,1,15,5,755,755,908,913,PS,1405,NA,73,78,NA,-5,0,BUR,SFO,326,NA,NA,0,NA,0,NA,NA,NA,NA,NA
1988,1,16,6,759,755,935,913,PS,1405,NA,96,78,NA,22,4,BUR,SFO,326,NA,NA,0,NA,0,NA,NA,NA,NA,NA
1988,1,17,7,755,755,912,913,PS,1405,NA,77,78,NA,-1,0,BUR,SFO,326,NA,NA,0,NA,0,NA,NA,NA,NA,NA
1988,1,18,1,755,755,922,913,PS,1405,NA,87,78,NA,9,0,BUR,SFO,326,NA,NA,0,NA,0,NA,NA,NA,NA,NA
1988,1,19,2,758,755,902,913,PS,1405,NA,64,78,NA,-11,3,BUR,SFO,326,NA,NA,0,NA,0,NA,NA,NA,NA,NA
1988,1,20,3,754,748,909,910,PS,1405,NA,75,82,NA,-1,6,BUR,SFO,326,NA,NA,0,NA,0,NA,NA,NA,NA,NA
1988,1,21,4,748,748,905,910,PS,1405,NA,77,82,NA,-5,0,BUR,SFO,326,NA,NA,0,NA,0,NA,NA,NA,NA,NA
1988,1,22,5,752,748,926,910,PS,1405,NA,94,82,NA,16,4,BUR,SFO,326,NA,NA,0,NA,0,NA,NA,NA,NA,NA
1988,1,23,6,751,748,858,910,PS,1405,NA,67,82,NA,-12,3,BUR,SFO,326,NA,NA,0,NA,0,NA,NA,NA,NA,NA
1988,1,24,7,742,748,851,910,PS,1405,NA,69,82,NA,-19,-6,BUR,SFO,326,NA,NA,0,NA,0,NA,NA,NA,NA,NA
1988,1,25,1,748,748,908,910,PS,1405,NA,80,82,NA,-2,0,BUR,SFO,326,NA,NA,0,NA,0,NA,NA,NA,NA,NA
1988,1,26,2,749,748,911,910,PS,1405,NA,82,82,NA,1,1,BUR,SFO,326,NA,NA,0,NA,0,NA,NA,NA,NA,NA
1988,1,27,3,808,748,927,910,PS,1405,NA,79,82,NA,17,20,BUR,SFO,326,NA,NA,0,NA,0,NA,NA,NA,NA,NA
1988,1,28,4,749,748,904,910,PS,1405,NA,75,82,NA,-6,1,BUR,SFO,326,NA,NA,0,NA,0,NA,NA,NA,NA,NA
1988,1,29,5,806,748,924,910,PS,1405,NA,78,82,NA,14,18,BUR,SFO,326,NA,NA,0,NA,0,NA,NA,NA,NA,NA
1988,1,30,6,747,748,856,910,PS,1405,NA,69,82,NA,-14,-1,BUR,SFO,326,NA,NA,0,NA,0,NA,NA,NA,NA,NA
1988,1,31,7,747,748,903,910,PS,1405,NA,76,82,NA,-7,-1,BUR,SFO,326,NA,NA,0,NA,0,NA,NA,NA,NA,NA
1988,1,4,1,625,625,725,726,PS,1406,NA,60,61,NA,-1,0,SFO,BUR,326,NA,NA,0,NA,0,NA,NA,NA,NA,NA
1988,1,5,2,625,625,723,726,PS,1406,NA,58,61,NA,-3,0,SFO,BUR,326,NA,NA,0,NA,0,NA,NA,NA,NA,NA
1988,1,6,3,624,625,720,726,PS,1406,NA,56,61,NA,-6,-1,SFO,BUR,326,NA,NA,0,NA,0,NA,NA,NA,NA,NA
1988,1,7,4,625,625,729,726,PS,1406,NA,64,61,NA,3,0,SFO,BUR,326,NA,NA,0,NA,0,NA,NA,NA,NA,NA
1988,1,8,5,624,625,721,726,PS,1406,NA,57,61,NA,-5,-1,SFO,BUR,326,NA,NA,0,NA,0,NA,NA,NA,NA,NA
1988,1,11,1,627,625,719,726,PS,1406,NA,52,61,NA,-7,2,SFO,BUR,326,NA,NA,0,NA,0,NA,NA,NA,NA,NA
1988,1,12,2,624,625,724,726,PS,1406,NA,60,61,NA,-2,-1,SFO,BUR,326,NA,NA,0,NA,0,NA,NA,NA,NA,NA
1988,1,14,4,631,625,732,726,PS,1406,NA,61,61,NA,6,6,SFO,BUR,326,NA,NA,0,NA,0,NA,NA,NA,NA,NA
1988,1,15,5,625,625,724,726,PS,1406,NA,59,61,NA,-2,0,SFO,BUR,326,NA,NA,0,NA,0,NA,NA,NA,NA,NA
1988,1,18,1,624,625,720,726,PS,1406,NA,56,61,NA,-6,-1,SFO,BUR,326,NA,NA,0,NA,0,NA,NA,NA,NA,NA
1988,1,19,2,625,625,727,726,PS,1406,NA,62,61,NA,1,0,SFO,BUR,326,NA,NA,0,NA,0,NA,NA,NA,NA,NA
1988,1,20,3,620,620,730,723,PS,1406,NA,70,63,NA,7,0,SFO,BUR,326,NA,NA,0,NA,0,NA,NA,NA,NA,NA
1988,1,21,4,621,620,723,723,PS,1406,NA,62,63,NA,0,1,SFO,BUR,326,NA,NA,0,NA,0,NA,NA,NA,NA,NA
1988,1,22,5,623,620,736,723,PS,1406,NA,73,63,NA,13,3,SFO,BUR,326,NA,NA,0,NA,0,NA,NA,NA,NA,NA
1988,1,25,1,620,620,724,723,PS,1406,NA,64,63,NA,1,0,SFO,BUR,326,NA,NA,0,NA,0,NA,NA,NA,NA,NA
1988,1,26,2,620,620,729,723,PS,1406,NA,69,63,NA,6,0,SFO,BUR,326,NA,NA,0,NA,0,NA,NA,NA,NA,NA
1988,1,27,3,621,620,728,723,PS,1406,NA,67,63,NA,5,1,SFO,BUR,326,NA,NA,0,NA,0,NA,NA,NA,NA,NA
1988,1,28,4,619,620,728,723,PS,1406,NA,69,63,NA,5,-1,SFO,BUR,326,NA,NA,0,NA,0,NA,NA,NA,NA,NA
1988,1,29,5,620,620,724,723,PS,1406,NA,64,63,NA,1,0,SFO,BUR,326,NA,NA,0,NA,0,NA,NA,NA,NA,NA
1988,1,1,5,1909,1910,2128,2138,PS,1408,NA,139,148,NA,-10,-1,SEA,LAX,954,NA,NA,0,NA,0,NA,NA,NA,NA,NA
1988,1,3,7,2107,1910,2343,2138,PS,1408,NA,156,148,NA,125,117,SEA,LAX,954,NA,NA,0,NA,0,NA,NA,NA,NA,NA
1988,1,4,1,1939,1910,2211,2138,PS,1408,NA,152,148,NA,33,29,SEA,LAX,954,NA,NA,0,NA,0,NA,NA,NA,NA,NA
1988,1,5,2,1911,1910,2125,2138,PS,1408,NA,134,148,NA,-13,1,SEA,LAX,954,NA,NA,0,NA,0,NA,NA,NA,NA,NA
1988,1,6,3,1909,1910,2135,2138,PS,1408,NA,146,148,NA,-3,-1,SEA,LAX,954,NA,NA,0,NA,0,NA,NA,NA,NA,NA
1988,1,7,4,1927,1910,2147,2138,PS,1408,NA,140,148,NA,9,17,SEA,LAX,954,NA,NA,0,NA,0,NA,NA,NA,NA,NA
1988,1,8,5,1917,1910,2134,2138,PS,1408,NA,137,148,NA,-4,7,SEA,LAX,954,NA,NA,0,NA,0,NA,NA,NA,NA,NA
1988,1,10,7,1934,1910,2209,2138,PS,1408,NA,155,148,NA,31,24,SEA,LAX,954,NA,NA,0,NA,0,NA,NA,NA,NA,NA
1988,1,11,1,1911,1910,2122,2138,PS,1408,NA,131,148,NA,-16,1,SEA,LAX,954,NA,NA,0,NA,0,NA,NA,NA,NA,NA
1988,1,13,3,1911,1910,2129,2138,PS,1408,NA,138,148,NA,-9,1,SEA,LAX,954,NA,NA,0,NA,0,NA,NA,NA,NA,NA
1988,1,14,4,1909,1910,2147,2138,PS,1408,NA,158,148,NA,9,-1,SEA,LAX,954,NA,NA,0,NA,0,NA,NA,NA,NA,NA
1988,1,15,5,1910,1910,2134,2138,PS,1408,NA,144,148,NA,-4,0,SEA,LAX,954,NA,NA,0,NA,0,NA,NA,NA,NA,NA
1988,1,17,7,2007,1910,2227,2138,PS,1408,NA,140,148,NA,49,57,SEA,LAX,954,NA,NA,0,NA,0,NA,NA,NA,NA,NA
1988,1,18,1,1947,1910,2149,2138,PS,1408,NA,122,148,NA,11,37,SEA,LAX,954,NA,NA,0,NA,0,NA,NA,NA,NA,NA
1988,1,19,2,1909,1910,2125,2138,PS,1408,NA,136,148,NA,-13,-1,SEA,LAX,954,NA,NA,0,NA,0,NA,NA,NA,NA,NA
1988,1,1,5,2031,2033,2133,2139,PS,1410,NA,62,66,NA,-6,-2,SJC,LAX,308,NA,NA,0,NA,0,NA,NA,NA,NA,NA
1988,1,3,7,2033,2033,2135,2139,PS,1410,NA,62,66,NA,-4,0,SJC,LAX,308,NA,NA,0,NA,0,NA,NA,NA,NA,NA
1988,1,4,1,2031,2033,2135,2139,PS,1410,NA,64,66,NA,-4,-2,SJC,LAX,308,NA,NA,0,NA,0,NA,NA,NA,NA,NA
1988,1,5,2,2041,2033,2141,2139,PS,1410,NA,60,66,NA,2,8,SJC,LAX,308,NA,NA,0,NA,0,NA,NA,NA,NA,NA
1988,1,6,3,2032,2033,2134,2139,PS,1410,NA,62,66,NA,-5,-1,SJC,LAX,308,NA,NA,0,NA,0,NA,NA,NA,NA,NA
1988,1,7,4,2031,2033,2131,2139,PS,1410,NA,60,66,NA,-8,-2,SJC,LAX,308,NA,NA,0,NA,0,NA,NA,NA,NA,NA
1988,1,8,5,2045,2033,2150,2139,PS,1410,NA,65,66,NA,11,12,SJC,LAX,308,NA,NA,0,NA,0,NA,NA,NA,NA,NA
1988,1,10,7,2032,2033,2135,2139,PS,1410,NA,63,66,NA,-4,-1,SJC,LAX,308,NA,NA,0,NA,0,NA,NA,NA,NA,NA
1988,1,11,1,2035,2033,2137,2139,PS,1410,NA,62,66,NA,-2,2,SJC,LAX,308,NA,NA,0,NA,0,NA,NA,NA,NA,NA
1988,1,12,2,2030,2033,2140,2139,PS,1410,NA,70,66,NA,1,-3,SJC,LAX,308,NA,NA,0,NA,0,NA,NA,NA,NA,NA
1988,1,13,3,2036,2033,2141,2139,PS,1410,NA,65,66,NA,2,3,SJC,LAX,308,NA,NA,0,NA,0,NA,NA,NA,NA,NA
1988,1,14,4,2032,2033,2133,2139,PS,1410,NA,61,66,NA,-6,-1,SJC,LAX,308,NA,NA,0,NA,0,NA,NA,NA,NA,NA
1988,1,17,7,2049,2033,2155,2139,PS,1410,NA,66,66,NA,16,16,SJC,LAX,308,NA,NA,0,NA,0,NA,NA,NA,NA,NA
1988,1,18,1,2037,2033,2135,2139,PS,1410,NA,58,66,NA,-4,4,SJC,LAX,308,NA,NA,0,NA,0,NA,NA,NA,NA,NA
1988,1,19,2,2033,2033,2136,2139,PS,1410,NA,63,66,NA,-3,0,SJC,LAX,308,NA,NA,0,NA,0,NA,NA,NA,NA,NA
1988,1,1,5,1010,1009,1115,1120,PS,1411,NA,65,71,NA,-5,1,LAX,OAK,337,NA,NA,0,NA,0,NA,NA,NA,NA,NA
1988,1,2,6,1008,1009,1118,1120,PS,1411,NA,70,71,NA,-2,-1,LAX,OAK,337,NA,NA,0,NA,0,NA,NA,NA,NA,NA
1988,1,4,1,1009,1009,1129,1120,PS,1411,NA,80,71,NA,9,0,LAX,OAK,337,NA,NA,0,NA,0,NA,NA,NA,NA,NA
1988,1,5,2,1010,1009,1152,1120,PS,1411,NA,102,71,NA,32,1,LAX,OAK,337,NA,NA,0,NA,0,NA,NA,NA,NA,NA
1988,1,1,5,936,938,1025,1030,PS,1412,NA,49,52,NA,-5,-2,BUR,LAS,223,NA,NA,0,NA,0,NA,NA,NA,NA,NA
1988,1,2,6,937,938,1024,1030,PS,1412,NA,47,52,NA,-6,-1,BUR,LAS,223,NA,NA,0,NA,0,NA,NA,NA,NA,NA
1988,1,3,7,940,938,1029,1030,PS,1412,NA,49,52,NA,-1,2,BUR,LAS,223,NA,NA,0,NA,0,NA,NA,NA,NA,NA
1988,1,4,1,939,938,1032,1030,PS,1412,NA,53,52,NA,2,1,BUR,LAS,223,NA,NA,0,NA,0,NA,NA,NA,NA,NA
1988,1,5,2,938,938,1027,1030,PS,1412,NA,49,52,NA,-3,0,BUR,LAS,223,NA,NA,0,NA,0,NA,NA,NA,NA,NA
1988,1,6,3,936,938,1031,1030,PS,1412,NA,55,52,NA,1,-2,BUR,LAS,223,NA,NA,0,NA,0,NA,NA,NA,NA,NA
1988,1,7,4,937,938,1029,1030,PS,1412,NA,52,52,NA,-1,-1,BUR,LAS,223,NA,NA,0,NA,0,NA,NA,NA,NA,NA
1988,1,8,5,944,938,1040,1030,PS,1412,NA,56,52,NA,10,6,BUR,LAS,223,NA,NA,0,NA,0,NA,NA,NA,NA,NA
1988,1,9,6,938,938,1034,1030,PS,1412,NA,56,52,NA,4,0,BUR,LAS,223,NA,NA,0,NA,0,NA,NA,NA,NA,NA
1988,1,10,7,937,938,1028,1030,PS,1412,NA,51,52,NA,-2,-1,BUR,LAS,223,NA,NA,0,NA,0,NA,NA,NA,NA,NA
1988,1,12,2,938,938,1027,1030,PS,1412,NA,49,52,NA,-3,0,BUR,LAS,223,NA,NA,0,NA,0,NA,NA,NA,NA,NA
1988,1,13,3,938,938,1029,1030,PS,1412,NA,51,52,NA,-1,0,BUR,LAS,223,NA,NA,0,NA,0,NA,NA,NA,NA,NA
1988,1,14,4,938,938,1029,1030,PS,1412,NA,51,52,NA,-1,0,BUR,LAS,223,NA,NA,0,NA,0,NA,NA,NA,NA,NA
1988,1,15,5,938,938,1032,1030,PS,1412,NA,54,52,NA,2,0,BUR,LAS,223,NA,NA,0,NA,0,NA,NA,NA,NA,NA
1988,1,16,6,938,938,1028,1030,PS,1412,NA,50,52,NA,-2,0,BUR,LAS,223,NA,NA,0,NA,0,NA,NA,NA,NA,NA
1988,1,17,7,944,938,1035,1030,PS,1412,NA,51,52,NA,5,6,BUR,LAS,223,NA,NA,0,NA,0,NA,NA,NA,NA,NA
1988,1,18,1,939,938,1027,1030,PS,1412,NA,48,52,NA,-3,1,BUR,LAS,223,NA,NA,0,NA,0,NA,NA,NA,NA,NA
1988,1,19,2,938,938,1029,1030,PS,1412,NA,51,52,NA,-1,0,BUR,LAS,223,NA,NA,0,NA,0,NA,NA,NA,NA,NA
1988,1,1,5,810,810,909,913,PS,1412,NA,59,63,NA,-4,0,SFO,BUR,326,NA,NA,0,NA,0,NA,NA,NA,NA,NA
1988,1,2,6,811,810,910,913,PS,1412,NA,59,63,NA,-3,1,SFO,BUR,326,NA,NA,0,NA,0,NA,NA,NA,NA,NA
1988,1,3,7,827,810,926,913,PS,1412,NA,59,63,NA,13,17,SFO,BUR,326,NA,NA,0,NA,0,NA,NA,NA,NA,NA
1988,1,4,1,817,810,923,913,PS,1412,NA,66,63,NA,10,7,SFO,BUR,326,NA,NA,0,NA,0,NA,NA,NA,NA,NA
1988,1,5,2,808,810,918,913,PS,1412,NA,70,63,NA,5,-2,SFO,BUR,326,NA,NA,0,NA,0,NA,NA,NA,NA,NA
1988,1,6,3,810,810,907,913,PS,1412,NA,57,63,NA,-6,0,SFO,BUR,326,NA,NA,0,NA,0,NA,NA,NA,NA,NA
1988,1,7,4,810,810,907,913,PS,1412,NA,57,63,NA,-6,0,SFO,BUR,326,NA,NA,0,NA,0,NA,NA,NA,NA,NA
1988,1,8,5,811,810,915,913,PS,1412,NA,64,63,NA,2,1,SFO,BUR,326,NA,NA,0,NA,0,NA,NA,NA,NA,NA
1988,1,9,6,811,810,909,913,PS,1412,NA,58,63,NA,-4,1,SFO,BUR,326,NA,NA,0,NA,0,NA,NA,NA,NA,NA
1988,1,10,7,810,810,907,913,PS,1412,NA,57,63,NA,-6,0,SFO,BUR,326,NA,NA,0,NA,0,NA,NA,NA,NA,NA
1988,1,11,1,825,810,921,913,PS,1412,NA,56,63,NA,8,15,SFO,BUR,326,NA,NA,0,NA,0,NA,NA,NA,NA,NA
1988,1,12,2,810,810,913,913,PS,1412,NA,63,63,NA,0,0,SFO,BUR,326,NA,NA,0,NA,0,NA,NA,NA,NA,NA
1988,1,13,3,810,810,912,913,PS,1412,NA,62,63,NA,-1,0,SFO,BUR,326,NA,NA,0,NA,0,NA,NA,NA,NA,NA
1988,1,14,4,815,810,913,913,PS,1412,NA,58,63,NA,0,5,SFO,BUR,326,NA,NA,0,NA,0,NA,NA,NA,NA,NA
1988,1,15,5,811,810,918,913,PS,1412,NA,67,63,NA,5,1,SFO,BUR,326,NA,NA,0,NA,0,NA,NA,NA,NA,NA
1988,1,16,6,825,810,922,913,PS,1412,NA,57,63,NA,9,15,SFO,BUR,326,NA,NA,0,NA,0,NA,NA,NA,NA,NA
1988,1,17,7,812,810,924,913,PS,1412,NA,72,63,NA,11,2,SFO,BUR,326,NA,NA,0,NA,0,NA,NA,NA,NA,NA
1988,1,18,1,811,810,912,913,PS,1412,NA,61,63,NA,-1,1,SFO,BUR,326,NA,NA,0,NA,0,NA,NA,NA,NA,NA
1988,1,19,2,812,810,910,913,PS,1412,NA,58,63,NA,-3,2,SFO,BUR,326,NA,NA,0,NA,0,NA,NA,NA,NA,NA
1988,1,5,2,1114,1015,1214,1122,PS,1414,NA,60,67,NA,52,59,SFO,BUR,326,NA,NA,0,NA,0,NA,NA,NA,NA,NA
1988,1,6,3,1013,1015,1109,1122,PS,1414,NA,56,67,NA,-13,-2,SFO,BUR,326,NA,NA,0,NA,0,NA,NA,NA,NA,NA
1988,1,7,4,1103,1015,1202,1122,PS,1414,NA,59,67,NA,40,48,SFO,BUR,326,NA,NA,0,NA,0,NA,NA,NA,NA,NA
1988,1,8,5,1016,1015,1115,1122,PS,1414,NA,59,67,NA,-7,1,SFO,BUR,326,NA,NA,0,NA,0,NA,NA,NA,NA,NA
1988,1,11,1,NA,1015,NA,1122,PS,1414,NA,NA,67,NA,NA,NA,SFO,BUR,326,NA,NA,1,NA,0,NA,NA,NA,NA,NA
1988,1,12,2,1017,1015,1114,1122,PS,1414,NA,57,67,NA,-8,2,SFO,BUR,326,NA,NA,0,NA,0,NA,NA,NA,NA,NA
1988,1,13,3,1019,1015,1120,1122,PS,1414,NA,61,67,NA,-2,4,SFO,BUR,326,NA,NA,0,NA,0,NA,NA,NA,NA,NA
1988,1,14,4,1015,1015,1115,1122,PS,1414,NA,60,67,NA,-7,0,SFO,BUR,326,NA,NA,0,NA,0,NA,NA,NA,NA,NA
1988,1,18,1,1015,1015,1111,1122,PS,1414,NA,56,67,NA,-11,0,SFO,BUR,326,NA,NA,0,NA,0,NA,NA,NA,NA,NA
1988,1,19,2,1014,1015,1113,1122,PS,1414,NA,59,67,NA,-9,-1,SFO,BUR,326,NA,NA,0,NA,0,NA,NA,NA,NA,NA
1988,1,20,3,1010,1010,1114,1121,PS,1414,NA,64,71,NA,-7,0,SFO,BUR,326,NA,NA,0,NA,0,NA,NA,NA,NA,NA
1988,1,21,4,1010,1010,1114,1121,PS,1414,NA,64,71,NA,-7,0,SFO,BUR,326,NA,NA,0,NA,0,NA,NA,NA,NA,NA
1988,1,22,5,1034,1010,1145,1121,PS,1414,NA,71,71,NA,24,24,SFO,BUR,326,NA,NA,0,NA,0,NA,NA,NA,NA,NA
1988,1,25,1,1011,1010,1115,1121,PS,1414,NA,64,71,NA,-6,1,SFO,BUR,326,NA,NA,0,NA,0,NA,NA,NA,NA,NA
1988,1,26,2,1009,1010,1131,1121,PS,1414,NA,82,71,NA,10,-1,SFO,BUR,326,NA,NA,0,NA,0,NA,NA,NA,NA,NA
1988,1,27,3,1011,1010,1119,1121,PS,1414,NA,68,71,NA,-2,1,SFO,BUR,326,NA,NA,0,NA,0,NA,NA,NA,NA,NA
1988,1,28,4,1015,1010,1122,1121,PS,1414,NA,67,71,NA,1,5,SFO,BUR,326,NA,NA,0,NA,0,NA,NA,NA,NA,NA
1988,1,29,5,1011,1010,1122,1121,PS,1414,NA,71,71,NA,1,1,SFO,BUR,326,NA,NA,0,NA,0,NA,NA,NA,NA,NA
1988,1,2,6,1047,1046,1149,1147,PS,1417,NA,62,61,NA,2,1,LAX,SJC,308,NA,NA,0,NA,0,NA,NA,NA,NA,NA
1988,1,3,7,1057,1046,1155,1147,PS,1417,NA,58,61,NA,8,11,LAX,SJC,308,NA,NA,0,NA,0,NA,NA,NA,NA,NA
1988,1,4,1,1048,1046,1150,1147,PS,1417,NA,62,61,NA,3,2,LAX,SJC,308,NA,NA,0,NA,0,NA,NA,NA,NA,NA
1988,1,6,3,1106,1046,1211,1149,PS,1417,NA,65,63,NA,22,20,LAX,SJC,308,NA,NA,0,NA,0,NA,NA,NA,NA,NA
1988,1,7,4,1046,1046,1153,1149,PS,1417,NA,67,63,NA,4,0,LAX,SJC,308,NA,NA,0,NA,0,NA,NA,NA,NA,NA
1988,1,8,5,1048,1046,1151,1149,PS,1417,NA,63,63,NA,2,2,LAX,SJC,308,NA,NA,0,NA,0,NA,NA,NA,NA,NA
1988,1,9,6,1052,1046,1158,1149,PS,1417,NA,66,63,NA,9,6,LAX,SJC,308,NA,NA,0,NA,0,NA,NA,NA,NA,NA
1988,1,10,7,1046,1046,1150,1149,PS,1417,NA,64,63,NA,1,0,LAX,SJC,308,NA,NA,0,NA,0,NA,NA,NA,NA,NA
1988,1,11,1,1133,1046,1245,1149,PS,1417,NA,72,63,NA,56,47,LAX,SJC,308,NA,NA,0,NA,0,NA,NA,NA,NA,NA
1988,1,12,2,1050,1046,1152,1149,PS,1417,NA,62,63,NA,3,4,LAX,SJC,308,NA,NA,0,NA,0,NA,NA,NA,NA,NA
1988,1,13,3,1047,1046,1148,1149,PS,1417,NA,61,63,NA,-1,1,LAX,SJC,308,NA,NA,0,NA,0,NA,NA,NA,NA,NA
1988,1,14,4,1046,1046,1148,1149,PS,1417,NA,62,63,NA,-1,0,LAX,SJC,308,NA,NA,0,NA,0,NA,NA,NA,NA,NA
1988,1,15,5,1046,1046,1147,1149,PS,1417,NA,61,63,NA,-2,0,LAX,SJC,308,NA,NA,0,NA,0,NA,NA,NA,NA,NA
1988,1,17,7,1047,1046,1148,1149,PS,1417,NA,61,63,NA,-1,1,LAX,SJC,308,NA,NA,0,NA,0,NA,NA,NA,NA,NA
1988,1,18,1,1045,1046,1157,1149,PS,1417,NA,72,63,NA,8,-1,LAX,SJC,308,NA,NA,0,NA,0,NA,NA,NA,NA,NA
1988,1,19,2,1046,1046,1148,1149,PS,1417,NA,62,63,NA,-1,0,LAX,SJC,308,NA,NA,0,NA,0,NA,NA,NA,NA,NA
1988,1,20,3,1036,1035,1138,1143,PS,1417,NA,62,68,NA,-5,1,LAX,SJC,308,NA,NA,0,NA,0,NA,NA,NA,NA,NA
1988,1,21,4,1036,1035,1135,1143,PS,1417,NA,59,68,NA,-8,1,LAX,SJC,308,NA,NA,0,NA,0,NA,NA,NA,NA,NA
1988,1,22,5,1038,1035,1134,1143,PS,1417,NA,56,68,NA,-9,3,LAX,SJC,308,NA,NA,0,NA,0,NA,NA,NA,NA,NA
1988,1,24,7,1037,1035,1150,1143,PS,1417,NA,73,68,NA,7,2,LAX,SJC,308,NA,NA,0,NA,0,NA,NA,NA,NA,NA
1988,1,25,1,1036,1035,1133,1143,PS,1417,NA,57,68,NA,-10,1,LAX,SJC,308,NA,NA,0,NA,0,NA,NA,NA,NA,NA
1988,1,26,2,1035,1035,1133,1143,PS,1417,NA,58,68,NA,-10,0,LAX,SJC,308,NA,NA,0,NA,0,NA,NA,NA,NA,NA
1988,1,27,3,1040,1035,1142,1143,PS,1417,NA,62,68,NA,-1,5,LAX,SJC,308,NA,NA,0,NA,0,NA,NA,NA,NA,NA
1988,1,28,4,1035,1035,1136,1143,PS,1417,NA,61,68,NA,-7,0,LAX,SJC,308,NA,NA,0,NA,0,NA,NA,NA,NA,NA
1988,1,29,5,1035,1035,1133,1143,PS,1417,NA,58,68,NA,-10,0,LAX,SJC,308,NA,NA,0,NA,0,NA,NA,NA,NA,NA
1988,1,30,6,1036,1035,1144,1143,PS,1417,NA,68,68,NA,1,1,LAX,SJC,308,NA,NA,0,NA,0,NA,NA,NA,NA,NA
1988,1,31,7,1037,1035,1140,1143,PS,1417,NA,63,68,NA,-3,2,LAX,SJC,308,NA,NA,0,NA,0,NA,NA,NA,NA,NA
1988,1,3,7,1445,1400,1609,1510,PS,1418,NA,84,70,NA,59,45,SFO,LAX,337,NA,NA,0,NA,0,NA,NA,NA,NA,NA
1988,1,4,1,1450,1400,1606,1510,PS,1418,NA,76,70,NA,56,50,SFO,LAX,337,NA,NA,0,NA,0,NA,NA,NA,NA,NA
1988,1,5,2,1427,1400,1543,1510,PS,1418,NA,76,70,NA,33,27,SFO,LAX,337,NA,NA,0,NA,0,NA,NA,NA,NA,NA
1988,1,6,3,1502,1400,1612,1510,PS,1418,NA,70,70,NA,62,62,SFO,LAX,337,NA,NA,0,NA,0,NA,NA,NA,NA,NA
1988,1,7,4,1358,1400,1501,1510,PS,1418,NA,63,70,NA,-9,-2,SFO,LAX,337,NA,NA,0,NA,0,NA,NA,NA,NA,NA
1988,1,8,5,1400,1400,1519,1510,PS,1418,NA,79,70,NA,9,0,SFO,LAX,337,NA,NA,0,NA,0,NA,NA,NA,NA,NA
1988,1,10,7,1418,1400,1519,1510,PS,1418,NA,61,70,NA,9,18,SFO,LAX,337,NA,NA,0,NA,0,NA,NA,NA,NA,NA
1988,1,11,1,1400,1400,1515,1510,PS,1418,NA,75,70,NA,5,0,SFO,LAX,337,NA,NA,0,NA,0,NA,NA,NA,NA,NA
1988,1,12,2,1414,1400,1525,1510,PS,1418,NA,71,70,NA,15,14,SFO,LAX,337,NA,NA,0,NA,0,NA,NA,NA,NA,NA
